words8;count
protein;232
fat;89
muscle;76
diet;56
eating;54
nation;46
messages;40
unsubscribe;40
consent;40
get;40
msg;40
loss;39
body;37
nutrition;37
time;37
may;33
casein;30
need;29
grams;29
one;28
like;28
tip;28
stop;24
form;23
much;23
even;22
supplements;22
including;22
related;22
terms;21
intake;21
marketing;21
e;21
varies;21
data;21
make;21
proteins;21
biotest;21
policy;21
replying;20
eat;20
apply;20
autodialer;20
whey;20
powder;20
purchase;20
link;20
miss;20
clicking;20
receive;20
subscribe;20
posts;20
promos;20
cart;20
sent;20
texts;20
powders;20
provided;20
signing;20
frequency;20
rates;20
text;20
available;20
privacy;20
number;20
newsletters;20
condition;20
submitting;20
reminders;20
effect;20
lean;19
luoma;19
calories;19
tc;19
know;19
phd;18
day;17
research;17
food;17
use;17
higher;17
per;16
mag;16
health;16
better;16
synthesis;16
nitrogen;15
really;15
best;15
good;15
effects;15
take;14
soy;14
also;14
science;13
high;13
amount;13
training;13
carbs;13
right;13
journal;12
metabolism;12
shugart;12
chris;12
carbohydrate;11
new;11
gain;11
study;11
micellar;11
different;11
whole;11
april;11
levels;11
gains;11
berardi;11
help;11
way;11
march;11
little;11
keep;11
often;10
growth;10
amino;10
metabolic;10
ghrelin;10
g;10
lose;10
using;10
acids;10
fast;10
bad;10
dietary;10
things;10
satiating;10
first;10
mass;9
building;9
thing;9
check;9
john;9
drive;9
rda;9
want;9
meal;9
appetite;9
build;9
look;9
july;9
fasting;9
weight;9
less;9
two;8
october;8
nutritional;8
healthy;8
fact;8
diets;8
balance;8
fatty;8
comes;8
cck;8
without;8
people;8
cup;8
plan;8
questions;8
every;8
part;8
dr;8
foods;8
athletes;8
least;8
short;8
post;8
another;8
many;8
ingredients;8
men;7
low;7
dairy;7
collagen;7
exercise;7
actually;7
contains;7
needs;7
article;7
tissue;7
september;7
pulsing;7
organic;7
probably;7
long;7
meals;7
seeds;7
works;7
three;7
easy;7
anabolic;7
published;7
let;7
myth;7
means;7
still;6
ready;6
insulin;6
got;6
vanilla;6
strategies;6
sure;6
companies;6
stuff;6
ways;6
hot;6
shown;6
kind;6
response;6
rate;6
lowery;6
energy;6
grass;6
plus;6
great;6
plant;6
natural;6
makes;6
testosterone;6
workouts;6
roussell;6
clinical;6
work;6
benefits;6
carb;6
review;6
thermogenesis;6
omega;6
well;6
performance;6
consuming;6
january;6
pumpkin;6
february;6
unique;6
effective;6
simple;6
composition;6
june;6
december;6
maybe;6
pre;6
anti;5
bananas;5
losing;5
put;5
teaspoon;5
cheat;5
lonnie;5
face;5
caseins;5
compared;5
preloads;5
frozen;5
leaner;5
cause;5
cardio;5
optimal;5
answer;5
longer;5
digest;5
free;5
times;5
go;5
acid;5
kilogram;5
thibaudeau;5
insects;5
facts;5
goal;5
consumption;5
going;5
greater;5
resistance;5
muscles;5
august;5
women;5
reference;5
calcium;5
breakfast;5
increasing;5
c;5
references;5
pancake;5
getting;5
tips;5
aren;5
important;5
around;5
caseinate;5
case;5
dieting;5
made;5
yet;5
lower;5
world;5
heard;5
mike;5
calorie;5
studies;5
think;5
either;5
maximize;5
though;5
info;5
products;5
insect;5
blend;5
pretty;5
start;5
big;5
prevent;4
whether;4
macros;4
recommendations;4
induced;4
belly;4
based;4
burning;4
exactly;4
growing;4
wasting;4
hormone;4
derived;4
along;4
preload;4
powerful;4
top;4
oven;4
recipe;4
cream;4
christian;4
read;4
say;4
taste;4
sells;4
lab;4
waste;4
ice;4
maximum;4
job;4
problems;4
approximately;4
train;4
cost;4
choices;4
p;4
everyone;4
d;4
minutes;4
seems;4
thermic;4
dave;4
contain;4
problem;4
shredded;4
traditional;4
done;4
answers;4
nutrient;4
berries;4
current;4
chocolate;4
dose;4
order;4
improve;4
glucose;4
bill;4
freeze;4
healthier;4
store;4
macronutrients;4
state;4
j;4
common;4
found;4
mostly;4
strength;4
specifically;4
sodium;4
amounts;4
larger;4
faster;4
daily;4
pick;4
bodybuilding;4
hydrolysates;4
stage;4
large;4
might;4
since;4
place;4
international;4
making;4
lifters;4
called;4
hormones;4
recommended;4
equal;3
stomach;3
intact;3
leave;3
grow;3
used;3
estrogen;3
carter;3
extra;3
crime;3
wrote;3
regardless;3
pounds;3
essential;3
rise;3
guys;3
starnes;3
beneficial;3
obesity;3
feeding;3
everything;3
sitting;3
workout;3
stick;3
apple;3
bro;3
cutting;3
level;3
main;3
m;3
words;3
satiety;3
example;3
pound;3
ligaments;3
human;3
postprandial;3
count;3
american;3
six;3
plants;3
created;3
dollars;3
peri;3
hair;3
percent;3
years;3
paul;3
articles;3
old;3
general;3
however;3
pain;3
control;3
consumer;3
night;3
life;3
negative;3
wrong;3
enough;3
turn;3
surplus;3
provide;3
gets;3
tested;3
adult;3
guideline;3
bovine;3
connective;3
strategy;3
designed;3
roberts;3
live;3
leads;3
basic;3
elevated;3
filling;3
doesn;3
truth;3
lifting;3
difference;3
endocrinology;3
physique;3
shelby;3
overall;3
lbm;3
misdemeanor;3
avoid;3
lifter;3
consider;3
processor;3
bodyweight;3
intakes;3
feel;3
coming;3
profile;3
nighttime;3
recipes;3
supplementation;3
hours;3
ingested;3
serving;3
tendons;3
hour;3
period;3
bones;3
baking;3
stimulate;3
cholecystokinin;3
lot;3
november;3
guidelines;3
price;3
recovery;3
cookies;3
experience;3
lactose;3
question;3
sports;3
issue;3
feed;3
milk;3
role;3
someone;3
matter;3
dad;3
unless;3
bed;3
mom;3
idea;3
heart;3
sleep;3
concluded;3
increase;3
results;3
paleo;3
costs;3
reproductive;3
beat;3
primary;3
especially;3
disease;3
learn;3
skillet;3
excess;3
sex;3
oats;3
point;3
give;3
subjects;3
potatoes;3
maintaining;3
test;3
blender;3
bowl;3
researchers;3
mixture;3
complete;3
ingest;3
controlled;3
decrease;3
losses;3
harder;2
strawberry;2
worked;2
positive;2
muscular;2
vinegar;2
ffm;2
debate;2
hence;2
groups;2
production;2
happen;2
us;2
vulnerable;2
lack;2
purpose;2
cell;2
act;2
university;2
requirements;2
becoming;2
set;2
perfect;2
fluffy;2
daniels;2
adm;2
hungry;2
fueled;2
everywhere;2
wouldn;2
hell;2
seen;2
em;2
mix;2
greek;2
pop;2
certain;2
fructose;2
unlikely;2
involved;2
noakes;2
particular;2
dig;2
option;2
chitin;2
macronutrient;2
non;2
commission;2
spike;2
ketchup;2
couple;2
amazon;2
hunger;2
oh;2
wasn;2
sources;2
eight;2
intermittent;2
back;2
multivitamins;2
choice;2
totally;2
fine;2
allow;2
forget;2
add;2
grasshoppers;2
expert;2
allegedly;2
stay;2
producing;2
yogurt;2
toss;2
individuals;2
stress;2
turned;2
provides;2
substance;2
granted;2
diabetes;2
difficult;2
indigestible;2
soon;2
sheet;2
geeky;2
knee;2
terrified;2
money;2
four;2
links;2
allergies;2
program;2
needed;2
layman;2
range;2
maintain;2
mood;2
faq;2
tell;2
relative;2
nutrients;2
plays;2
group;2
addition;2
consume;2
bees;2
content;2
nate;2
k;2
blow;2
already;2
physiology;2
influence;2
extract;2
hint;2
drug;2
course;2
bv;2
expensive;2
instead;2
jazzed;2
cows;2
assumptions;2
types;2
paper;2
insulinogenic;2
later;2
throw;2
decide;2
shouldn;2
reason;2
team;2
staying;2
ginger;2
water;2
close;2
source;2
somewhere;2
backed;2
fuel;2
specialized;2
serve;2
useful;2
sport;2
coats;2
osteoporosis;2
easier;2
bodybuilders;2
issues;2
ingesting;2
otherwise;2
minerals;2
past;2
bulking;2
pan;2
despite;2
teta;2
pour;2
fresh;2
cider;2
laws;2
produced;2
spray;2
preheat;2
hydrolysate;2
booster;2
instinctively;2
h;2
banana;2
nothing;2
end;2
myths;2
cancer;2
others;2
areas;2
eggs;2
completely;2
eaten;2
combined;2
bite;2
scientist;2
following;2
expect;2
digestion;2
ketosis;2
approach;2
email;2
humans;2
plans;2
full;2
latest;2
beyond;2
year;2
conducted;2
weak;2
cells;2
possible;2
hyper;2
ph;2
break;2
clifton;2
batch;2
burned;2
salt;2
accelerate;2
utilization;2
composed;2
thought;2
second;2
boom;2
fats;2
combo;2
sometimes;2
enter;2
rats;2
mean;2
note;2
lemon;2
pulse;2
wheat;2
shake;2
utilizes;2
decreased;2
blame;2
isn;2
regarding;2
function;2
reveals;2
conventional;2
ripped;2
see;2
hits;2
said;2
understandings;2
smooth;2
catabolism;2
reflect;2
scoop;2
dieters;2
dogs;2
scoops;2
miyaki;2
clear;2
hard;2
supplement;2
headaches;2
di;2
medium;2
never;2
type;2
helps;2
viagra;2
erroneous;2
substances;2
follow;2
breakdown;2
taken;2
market;2
advice;2
archer;2
adequate;2
cyclic;2
resveratrol;2
male;2
texture;2
behavior;2
generally;2
builder;2
tactical;2
fake;2
degrees;2
keto;2
directions;2
equally;2
increased;2
tim;2
clean;2
cartilage;2
vitamins;2
sessions;2
sustained;2
weird;2
continue;2
dextrin;2
syrup;2
indecisive;2
inflammation;2
prior;2
systems;2
several;2
pack;2
dit;2
cultures;2
properties;2
cortisol;2
gram;2
antioxidants;2
chicken;2
prescription;2
sounds;2
overreaching;2
brown;2
males;2
tate;2
something;2
house;2
key;2
messy;2
significant;2
discovered;2
scrunched;2
reduced;2
pesticide;2
cut;2
dieter;2
feeling;2
warrior;2
chips;2
understand;2
topic;2
bake;2
home;2
interesting;2
easily;2
ones;2
standard;2
fasted;2
smart;2
carbohydrates;2
discover;2
nice;2
reducing;2
portions;2
consumed;2
miscellaneous;2
drink;2
cups;2
controls;2
formula;2
game;2
pea;2
fish;2
worse;2
feminize;2
midland;2
urine;2
caloric;2
evolution;2
enhance;2
jade;2
fiber;2
truly;2
oil;2
largely;2
processing;2
shows;2
cockroaches;2
true;2
oils;2
term;2
relatively;2
abdominal;2
electric;2
alleged;2
equivalent;2
accepted;2
disreputable;2
brain;2
unfortunately;2
quality;2
ever;2
cool;2
pasta;2
reported;2
almost;2
barr;2
likely;2
huge;2
damn;2
folks;2
ligament;1
hope;1
isoflavones;1
nicotine;1
brands;1
inner;1
partially;1
productive;1
filled;1
bone;1
taking;1
registers;1
parts;1
slightly;1
dough;1
highest;1
metabolsim;1
achieve;1
infusion;1
dung;1
undergoing;1
disclaimer;1
tri;1
scurrilous;1
farm;1
slow;1
drives;1
evil;1
grubs;1
donald;1
exogenous;1
boost;1
subject;1
enzyme;1
sense;1
soybean;1
chickens;1
charcoal;1
basically;1
among;1
burner;1
naked;1
stimulating;1
supervision;1
crazy;1
engaged;1
l;1
spiking;1
mossy;1
throughout;1
repugnant;1
compounds;1
expend;1
bunny;1
proven;1
component;1
complex;1
critical;1
present;1
affect;1
pharmaceutical;1
hit;1
holding;1
discount;1
bout;1
leucine;1
bespoke;1
batter;1
industry;1
tweak;1
fooling;1
x;1
fancy;1
advertising;1
tend;1
breen;1
practically;1
honey;1
corporations;1
vaghela;1
lunch;1
outcomes;1
burn;1
busted;1
handles;1
surprised;1
stated;1
plain;1
orange;1
trying;1
always;1
discovery;1
somehow;1
field;1
progress;1
toward;1
sentiment;1
greatest;1
shortcuts;1
combination;1
greenhouse;1
reloaded;1
involve;1
weigle;1
functional;1
agent;1
name;1
incredible;1
pulls;1
tofu;1
keratin;1
mushroomy;1
modified;1
ceiling;1
raw;1
special;1
showing;1
causes;1
perfectly;1
kidneys;1
salts;1
exceeds;1
show;1
asking;1
cons;1
termites;1
slice;1
considered;1
horse;1
code;1
blows;1
lion;1
blocks;1
semi;1
instructions;1
rare;1
conversion;1
dislikes;1
extremely;1
baseline;1
touch;1
hypothesis;1
reducer;1
alternative;1
consistently;1
layer;1
process;1
pattern;1
brandenburg;1
container;1
covered;1
preserve;1
jacks;1
manufacturers;1
exoskeletons;1
grew;1
endurance;1
answered;1
success;1
corporation;1
counts;1
green;1
pundits;1
packs;1
whopping;1
population;1
intrinsic;1
newspaper;1
jose;1
opening;1
bowel;1
popular;1
litter;1
alternatives;1
universe;1
resetting;1
pills;1
surrounding;1
modest;1
marriage;1
grub;1
fluids;1
protocols;1
thanks;1
sack;1
wars;1
ontario;1
poppitt;1
adding;1
material;1
baked;1
daytime;1
hardest;1
purnell;1
snowflakes;1
vitamin;1
skinniest;1
healthful;1
boiled;1
required;1
suggest;1
bowen;1
ridiculously;1
report;1
arginine;1
cultural;1
safeco;1
lost;1
skin;1
prone;1
recently;1
statement;1
lots;1
else;1
park;1
chip;1
reductions;1
absorbs;1
micelles;1
timing;1
apart;1
guilt;1
pie;1
keogh;1
capsule;1
earthquake;1
spell;1
counting;1
becomes;1
demonstrated;1
terrific;1
promises;1
bring;1
primed;1
theoretical;1
eggnog;1
falling;1
suggestions;1
passing;1
rolled;1
prompted;1
mention;1
learned;1
macnaughton;1
lluch;1
recreation;1
system;1
develop;1
ideal;1
wobbly;1
deluge;1
strawberries;1
action;1
spent;1
strict;1
preparation;1
genes;1
love;1
chunky;1
compares;1
evaluate;1
accelerates;1
gastrointestinal;1
guide;1
oz;1
recent;1
turning;1
truths;1
seven;1
stimulation;1
worth;1
majority;1
optimally;1
almond;1
scooper;1
picks;1
harsh;1
eliminate;1
studied;1
iso;1
impact;1
dosing;1
denying;1
optional;1
hormonal;1
bit;1
average;1
determine;1
ziegenfuss;1
sipped;1
sustainable;1
texas;1
aug;1
bolster;1
f;1
suspicious;1
gainz;1
dogies;1
smaller;1
heiss;1
qualifying;1
lysenchuk;1
acts;1
become;1
person;1
sane;1
former;1
elegance;1
yeah;1
reputable;1
bug;1
according;1
physical;1
soap;1
outside;1
associate;1
fatigue;1
enlightened;1
confusing;1
scenes;1
researcher;1
magnification;1
randomized;1
relief;1
options;1
unrelated;1
includes;1
protecting;1
sacrificing;1
nutritionists;1
downright;1
battle;1
ideally;1
popping;1
given;1
unanswered;1
oftentimes;1
suppression;1
beats;1
upgraded;1
chelsie;1
harm;1
steve;1
gourmet;1
lonny;1
fascinating;1
method;1
anemic;1
shipping;1
soybeans;1
pigs;1
attack;1
minimum;1
measurement;1
future;1
zinn;1
n;1
roughly;1
dry;1
incledon;1
middlemen;1
handle;1
boutique;1
solid;1
hypothetical;1
fortify;1
instant;1
holidays;1
talks;1
dependently;1
ont;1
callahan;1
meeuws;1
newbie;1
continues;1
nitric;1
chef;1
disgusting;1
blistering;1
amazing;1
movements;1
sampled;1
super;1
thermo;1
pancakes;1
mineral;1
uptake;1
intensity;1
specific;1
spikes;1
sugar;1
vegan;1
debated;1
elon;1
efficient;1
pasty;1
assertion;1
physiol;1
macro;1
athlete;1
induces;1
bolus;1
met;1
detail;1
kitchen;1
today;1
processed;1
chances;1
speckled;1
administering;1
purchases;1
reached;1
struggling;1
zero;1
lifestyle;1
segment;1
giant;1
points;1
inside;1
kept;1
earn;1
mechanisms;1
thereby;1
lay;1
cookie;1
shove;1
occasions;1
remained;1
mess;1
delicious;1
starchy;1
ailments;1
measured;1
burden;1
courage;1
hardgainers;1
suppress;1
brush;1
cardiometabolic;1
gathering;1
bar;1
contest;1
converts;1
fields;1
density;1
exacerbate;1
competitors;1
pinches;1
shawn;1
ranks;1
inexpensive;1
supplemented;1
nozzle;1
realize;1
toaster;1
project;1
farmer;1
versions;1
blom;1
douche;1
guru;1
subculture;1
sprinkling;1
tesla;1
deserve;1
extracellular;1
protected;1
thermogenic;1
worms;1
next;1
latter;1
egregious;1
evolve;1
scam;1
squirrely;1
gym;1
pillbugs;1
midge;1
benign;1
rosea;1
golden;1
junior;1
nature;1
toasters;1
detoxify;1
active;1
decade;1
findings;1
induce;1
white;1
antiandrogenic;1
whose;1
v;1
certainly;1
heming;1
freebies;1
abundance;1
perhaps;1
catching;1
creatine;1
co;1
trigger;1
prediction;1
whip;1
supposedly;1
crowd;1
mcmaster;1
garbage;1
visible;1
tumors;1
doc;1
fertility;1
global;1
pinch;1
westerterp;1
scaffolding;1
heaped;1
cover;1
knows;1
observations;1
mistakes;1
witch;1
glycine;1
transport;1
chemicals;1
poop;1
remember;1
ground;1
concentrate;1
animal;1
edition;1
doubled;1
creates;1
flour;1
conglomerate;1
mammalian;1
ripple;1
sugary;1
rapidly;1
bio;1
proper;1
procreation;1
krahn;1
exert;1
cited;1
restriction;1
manufacturing;1
unresponsive;1
aerobic;1
seattle;1
fridge;1
briquette;1
ass;1
site;1
catabolic;1
stats;1
real;1
aside;1
carefully;1
unmolested;1
backfire;1
antibiotic;1
splenda;1
noted;1
knees;1
track;1
front;1
skyrocket;1
slam;1
separately;1
acted;1
priced;1
king;1
urinary;1
breast;1
usually;1
manipulate;1
gear;1
tough;1
nearly;1
whatever;1
stall;1
thoroughly;1
reports;1
compensatory;1
self;1
able;1
analysis;1
factors;1
ketones;1
ample;1
clearly;1
andrew;1
immunoglobulins;1
lets;1
flies;1
dark;1
schaafsma;1
helms;1
presumably;1
editors;1
chinese;1
public;1
skipping;1
choppers;1
varieties;1
potentially;1
stuart;1
label;1
tripeptides;1
association;1
austin;1
parchment;1
soft;1
primarily;1
libitum;1
moist;1
spot;1
unsweetened;1
preservation;1
moderately;1
beta;1
peas;1
laid;1
sticks;1
approval;1
isolate;1
hundred;1
forgotten;1
sheep;1
tablespoon;1
slowly;1
morning;1
poor;1
investigate;1
took;1
bought;1
joke;1
fewer;1
overcompensation;1
habits;1
consensus;1
absorb;1
logic;1
ad;1
bugs;1
waist;1
built;1
earns;1
shortest;1
grown;1
possibly;1
fighting;1
foundation;1
sorting;1
twice;1
stops;1
desert;1
groundbreaking;1
pros;1
triggered;1
crickets;1
strategic;1
enhances;1
insisted;1
argued;1
mark;1
actual;1
additional;1
sensitivity;1
ammonia;1
expenditure;1
patterson;1
metcon;1
prevented;1
find;1
dessert;1
chockfull;1
care;1
bland;1
tj;1
activity;1
entire;1
third;1
finally;1
yoda;1
movin;1
claiming;1
tool;1
due;1
limits;1
bedtime;1
together;1
crap;1
suspect;1
except;1
switch;1
spice;1
disgusted;1
feathers;1
waxworms;1
al;1
hendriks;1
sexual;1
healthiest;1
editor;1
sizable;1
uncooked;1
pudgeball;1
mobility;1
minimal;1
hardcore;1
looking;1
greasy;1
liver;1
recommendation;1
moran;1
matthys;1
internet;1
followed;1
partitioning;1
age;1
grocery;1
waffles;1
deserves;1
erections;1
return;1
boondoggle;1
molars;1
halfway;1
treatment;1
separate;1
mccormack;1
prioritized;1
microscopes;1
simply;1
paraphrase;1
onto;1
stafleu;1
digestive;1
smarter;1
recover;1
kidney;1
sixteen;1
cold;1
wardle;1
accounted;1
lowers;1
adults;1
happiness;1
ugly;1
hugely;1
louse;1
sweetener;1
stupid;1
intended;1
compound;1
attention;1
week;1
gravy;1
mct;1
protocol;1
piece;1
darn;1
boon;1
damage;1
containing;1
spoon;1
herb;1
drove;1
cracker;1
sauce;1
requiring;1
degree;1
vital;1
missing;1
vast;1
talk;1
regard;1
antioxidant;1
squares;1
gases;1
thanksgiving;1
powdered;1
deliciousness;1
mcts;1
th;1
ache;1
heavily;1
impossible;1
led;1
fahrenheit;1
stave;1
kids;1
spiked;1
cinnamon;1
approaching;1
broken;1
isomaltulose;1
shelf;1
steroid;1
assuming;1
list;1
mission;1
token;1
bodyfat;1
safely;1
diurnal;1
plasma;1
listed;1
overestimated;1
earning;1
adverse;1
ants;1
frankenfood;1
stimulates;1
varying;1
vermin;1
single;1
besides;1
aim;1
oversight;1
supraphysiologic;1
cooking;1
collections;1
refeeds;1
tequilas;1
chains;1
protectant;1
nutritious;1
stored;1
rewards;1
usual;1
error;1
picture;1
matrix;1
delays;1
deliver;1
schedule;1
sweet;1
altering;1
canines;1
beetles;1
flavored;1
regulatory;1
driver;1
rupture;1
kinds;1
force;1
astonishing;1
packed;1
screw;1
attempting;1
reflects;1
hurricane;1
seed;1
adaptation;1
bacon;1
cleanup;1
website;1
shuttles;1
phytochemicals;1
toasted;1
micros;1
affects;1
exercising;1
rob;1
naturally;1
reap;1
ends;1
asks;1
escalating;1
sold;1
requires;1
tract;1
maine;1
stamp;1
dragonflies;1
accurate;1
packing;1
examining;1
rice;1
peanut;1
risks;1
evils;1
spectrum;1
drawbacks;1
didn;1
leverage;1
happy;1
benefit;1
sperm;1
condemn;1
jefferson;1
eventually;1
phillips;1
hybrid;1
accounts;1
elicit;1
boosts;1
exotic;1
digesting;1
specially;1
feels;1
depletion;1
concerned;1
caveat;1
trouble;1
crucial;1
oxidized;1
rubbery;1
confirm;1
kick;1
update;1
protective;1
california;1
exist;1
rotten;1
consequences;1
limiting;1
reads;1
potentiates;1
oat;1
bonus;1
teeth;1
molecules;1
rhodiola;1
annoyingly;1
intra;1
okay;1
snack;1
possibility;1
weapons;1
combining;1
uncommon;1
reasoning;1
boire;1
percentage;1
allergic;1
cure;1
mini;1
overtraining;1
hitting;1
remaining;1
indicators;1
fray;1
stores;1
fruit;1
legume;1
land;1
western;1
curcumin;1
significantly;1
josef;1
converting;1
finger;1
maximal;1
assimilate;1
comparing;1
chose;1
opinions;1
experiment;1
inhibits;1
grain;1
plateau;1
rowlands;1
literally;1
refused;1
discussions;1
thomas;1
misconceptions;1
biochemical;1
absorbed;1
rtd;1
muffin;1
ago;1
describes;1
acute;1
vinoy;1
concentrations;1
picked;1
ability;1
heavy;1
ibuprofen;1
sensitive;1
biological;1
glance;1
burgers;1
rumor;1
floorboards;1
upwards;1
chunk;1
leptin;1
appealed;1
concept;1
interfere;1
prime;1
edible;1
tampons;1
hints;1
quick;1
tendon;1
jonathan;1
cattle;1
convert;1
remains;1
lead;1
buffenstein;1
mojave;1
intense;1
regular;1
honor;1
staple;1
commonly;1
bugboy;1
division;1
step;1
sooner;1
walking;1
tremendously;1
buzz;1
powerfully;1
try;1
weigh;1
butter;1
truck;1
designer;1
fully;1
ate;1
unlike;1
weapon;1
estrogenic;1
board;1
tom;1
telling;1
pucky;1
structural;1
recovering;1
behave;1
deep;1
chance;1
treachery;1
sprout;1
furthermore;1
mentioned;1
currently;1
running;1
boosters;1
profit;1
fur;1
symptomatic;1
urea;1
holst;1
changes;1
come;1
haven;1
dht;1
prove;1
run;1
enhanced;1
previously;1
opinion;1
biases;1
achieved;1
conditioning;1
potato;1
antibiotics;1
smash;1
perform;1
wayland;1
shave;1
insensitivity;1
sadly;1
experimenting;1
versatile;1
fitness;1
squelched;1
bound;1
scoundrels;1
et;1
indicates;1
decreases;1
alone;1
begin;1
owns;1
efficiently;1
cockroach;1
working;1
hotcakes;1
thinning;1
value;1
wheys;1
muster;1
ratio;1
waxworm;1
older;1
articles_text;1
adapt;1
trials;1
mental;1
astronomically;1
akash;1
china;1
chemists;1
tools;1
premium;1
r;1
went;1
release;1
excreted;1
tidbits;1
eventuality;1
center;1
preparing;1
ton;1
healthed;1
looks;1
allowance;1
play;1
five;1
rarely;1
business;1
preventing;1
metamucil;1
bevy;1
investigated;1
trenerry;1
mode;1
thinking;1
cowboy;1
jell;1
brats;1
suppose;1
lacking;1
enthusiasm;1
hulk;1
fighter;1
rep;1
secreted;1
rarity;1
squashes;1
contained;1
modern;1
practical;1
meaning;1
delusion;1
says;1
musk;1
information;1
prevention;1
integrity;1
although;1
dawg;1
toilet;1
efficiency;1
advanced;1
bryan;1
half;1
aging;1
scientists;1
fizzle;1
formulation;1
paranoia;1
side;1
temporal;1
message;1
regulation;1
achy;1
dihydrotestosterone;1
deficiencies;1
ack;1
line;1
guessed;1
exceed;1
improved;1
posted;1
ultimately;1
parking;1
alert;1
couples;1
sizes;1
assumption;1
printed;1
satisfying;1
product;1
genetic;1
added;1
mind;1
maple;1
interested;1
shoots;1
mashed;1
cassandra;1
mounds;1
fits;1
changer;1
differences;1
synonymous;1
vegans;1
genetics;1
physiological;1
signal;1
lucas;1
descriptions;1
profound;1
preceded;1
reality;1
believe;1
unbrushed;1
kill;1
antonio;1
mariners;1
overlook;1
micronutrients;1
require;1
supply;1
pay;1
replace;1
rely;1
solely;1
asked;1
alpha;1
seem;1
tastiest;1
last;1
attempts;1
ripe;1
sprinkle;1
butt;1
causing;1
massive;1
trained;1
gluten;1
legitimate;1
behind;1
wrecked;1
begrudgingly;1
minty;1
pulses;1
cake;1
unravel;1
supposed;1
libido;1
sexes;1
multiple;1
wage;1
size;1
dugdale;1
bucket;1
convenient;1
cakes;1
lathered;1
exception;1
underestimate;1
tends;1
storage;1
quadruple;1
assume;1
risk;1
tops;1
turns;1
tear;1
secret;1
via;1
alike;1
overweight;1
wittert;1
manage;1
rapid;1
anyhow;1
address;1
precisely;1
clockwork;1
celsius;1
measure;1
someday;1
forsythe;1
math;1
puzzle;1
sole;1
controversial;1
sliced;1
systematic;1
harbor;1
sociopaths;1
extremes;1
gave;1
unsaturated;1
loaded;1
kilograms;1
showed;1
luscombe;1
bunch;1
headache;1
fueling;1
empty;1
virtually;1
various;1
living;1
kuster;1
rampant;1
