,0,1
0,protein,610
1,powder,190
2,whey,110
3,good,54
4,shake,43
5,isolate,42
6,shakes,35
7,bars,30
8,powders,28
9,weight,25
10,nutrition,25
11,bar,25
12,much,25
13,taste,24
14,anyone,23
15,vs,23
16,like,23
17,best,22
18,intake,22
19,get,22
20,chocolate,22
21,free,22
22,help,21
23,muscle,20
24,brand,20
25,high,20
26,review,20
27,take,18
28,tried,17
29,need,17
30,gold,17
31,one,17
32,eat,16
33,creatine,16
34,standard,16
35,use,16
36,food,15
37,vanilla,15
38,drink,15
39,day,15
40,supplements,14
41,question,14
42,daily,14
43,without,13
44,better,13
45,per,13
46,suggestions,13
47,myprotein,13
48,loss,12
49,make,12
50,tasting,11
51,sugar,11
52,bad,11
53,buy,11
54,advice,11
55,flavor,11
56,low,10
57,know,10
58,recipe,10
59,flavors,9
60,optimum,9
61,tastes,9
62,based,9
63,alternative,9
64,grams,9
65,gain,9
66,pea,9
67,water,8
68,looking,8
69,brands,8
70,recommendations,8
71,vegan,8
72,drinking,8
73,chicken,8
74,time,8
75,new,8
76,iso,8
77,unflavored,8
78,mass,8
79,meal,8
80,calories,8
81,old,8
82,gym,8
83,market,8
84,diet,7
85,scoop,7
86,found,7
87,natural,7
88,meals,7
89,would,7
90,plant,7
91,days,7
92,eating,7
93,clear,7
94,please,7
95,think,7
96,year,7
97,workout,7
98,coffee,7
99,find,7
100,going,7
101,impact,7
102,sources,6
103,actually,6
104,fat,6
105,isopure,6
106,snacks,6
107,serving,6
108,really,6
109,proteins,6
110,source,6
111,body,6
112,working,6
113,mix,6
114,foods,6
115,amino,6
116,quality,6
117,peanut,6
118,sick,6
119,soy,6
120,milk,6
121,great,6
122,got,6
123,growth,6
124,made,6
125,go,6
126,products,6
127,many,6
128,safe,6
129,could,6
130,casein,6
131,people,6
132,online,6
133,acne,5
134,white,5
135,healthy,5
136,cheap,5
137,size,5
138,still,5
139,uk,5
140,cream,5
141,favorite,5
142,rich,5
143,stop,5
144,lose,5
145,guys,5
146,consume,5
147,butter,5
148,flavored,5
149,long,5
150,supplement,5
151,india,5
152,shaker,5
153,amount,5
154,hot,5
155,started,5
156,using,5
157,survey,5
158,deals,5
159,calorie,5
160,taking,5
161,enough,5
162,weird,5
163,acid,5
164,ice,5
165,beef,4
166,awful,4
167,goal,4
168,choice,4
169,cheapest,4
170,ever,4
171,look,4
172,cereal,4
173,cake,4
174,aftertaste,4
175,try,4
176,recommend,4
177,intolerance,4
178,stevia,4
179,vega,4
180,makes,4
181,heavy,4
182,stuff,4
183,gainer,4
184,complete,4
185,recipes,4
186,making,4
187,dymatize,4
188,bottle,4
189,needs,4
190,count,4
191,ghost,4
192,bloated,4
193,someone,4
194,ok,4
195,months,4
196,im,4
197,difference,4
198,sport,4
199,price,4
200,adding,4
201,clean,4
202,reviews,4
203,well,4
204,egg,4
205,getting,4
206,meat,4
207,fortress,4
208,non,4
209,dairy,4
210,see,4
211,max,4
212,trying,4
213,breast,4
214,content,4
215,anything,4
216,expired,4
217,starting,4
218,delicious,3
219,women,3
220,added,3
221,sweetener,3
222,normal,3
223,morning,3
224,canada,3
225,bought,3
226,confused,3
227,expiry,3
228,options,3
229,value,3
230,allergy,3
231,lactose,3
232,anybody,3
233,na,3
234,sweet,3
235,smoothie,3
236,cal,3
237,health,3
238,first,3
239,kind,3
240,snack,3
241,caloric,3
242,product,3
243,cleanest,3
244,artificial,3
245,legit,3
246,raw,3
247,drinks,3
248,double,3
249,power,3
250,eggs,3
251,done,3
252,effect,3
253,factors,3
254,add,3
255,research,3
256,recommendation,3
257,bcaa,3
258,tech,3
259,also,3
260,times,3
261,half,3
262,zero,3
263,currently,3
264,post,3
265,premade,3
266,bloating,3
267,side,3
268,recently,3
269,expire,3
270,back,3
271,able,3
272,lot,3
273,replacement,3
274,similar,3
275,orgain,3
276,u,3
277,training,3
278,breakfast,3
279,problems,3
280,since,3
281,else,3
282,simple,3
283,flavours,3
284,black,3
285,woah,3
286,two,3
287,pumpkin,3
288,pie,3
289,tell,3
290,want,3
291,pebbles,3
292,expensive,3
293,lemon,3
294,fine,3
295,work,3
296,gains,3
297,ensure,3
298,smell,3
299,profile,3
300,és,3
301,carb,3
302,instead,3
303,concentrate,3
304,stomach,3
305,bit,3
306,replacements,3
307,top,3
308,fake,3
309,constantly,3
310,rice,3
311,ago,3
312,iron,2
313,person,2
314,monster,2
315,alternatives,2
316,bunch,2
317,lean,2
318,hit,2
319,enzymes,2
320,purchased,2
321,major,2
322,companies,2
323,bean,2
324,magic,2
325,example,2
326,crunch,2
327,naked,2
328,date,2
329,replace,2
330,sports,2
331,reliable,2
332,affordable,2
333,fairlife,2
334,terrible,2
335,infusions,2
336,pound,2
337,quick,2
338,monohydrate,2
339,pre,2
340,mean,2
341,gon,2
342,sucralose,2
343,maltodextrin,2
344,potassium,2
345,seem,2
346,gut,2
347,true,2
348,appreciated,2
349,choco,2
350,bitter,2
351,finding,2
352,every,2
353,giving,2
354,hair,2
355,basis,2
356,plan,2
357,spiked,2
358,decided,2
359,kidneys,2
360,choc,2
361,muffin,2
362,states,2
363,bcaas,2
364,list,2
365,build,2
366,past,2
367,part,2
368,exam,2
369,cancer,2
370,causing,2
371,nut,2
372,project,2
373,tubs,2
374,collagen,2
375,idk,2
376,nitro,2
377,everyone,2
378,deal,2
379,dietary,2
380,sweetners,2
381,allmax,2
382,opinion,2
383,milkshake,2
384,batter,2
385,put,2
386,nutrabox,2
387,late,2
388,issues,2
389,feeling,2
390,home,2
391,week,2
392,guide,2
393,sugars,2
394,right,2
395,lost,2
396,total,2
397,hard,2
398,listed,2
399,second,2
400,losing,2
401,questions,2
402,packaging,2
403,produce,2
404,reaction,2
405,dry,2
406,bring,2
407,error,2
408,effects,2
409,couple,2
410,core,2
411,world,2
412,cookie,2
413,left,2
414,pantry,2
415,code,2
416,isoclear,2
417,hurt,2
418,place,2
419,wanting,2
420,matter,2
421,alot,2
422,access,2
423,hotel,2
424,website,2
425,kg,2
426,consumed,2
427,tips,2
428,increase,2
429,bulk,2
430,labs,2
431,beginner,2
432,way,2
433,less,2
434,energy,2
435,happen,2
436,mixed,2
437,form,2
438,friday,2
439,problem,2
440,select,2
441,smooth,2
442,graph,2
443,vitamins,2
444,ingredients,2
445,weeks,2
446,whole,2
447,proteing,2
448,bed,2
449,smells,2
450,thinking,2
451,may,2
452,different,2
453,powered,2
454,super,2
455,advanced,2
456,native,2
457,brownie,2
458,coconut,2
459,overnight,2
460,recovery,2
461,muscles,2
462,australia,2
463,https,2
464,night,2
465,bang,2
466,buck,2
467,macros,2
468,quest,2
469,today,2
470,expiration,2
471,gaining,2
472,general,2
473,extra,2
474,honest,2
475,differences,2
476,pancake,2
477,metal,2
478,easily,2
479,worth,2
480,pills,2
481,suggest,2
482,hate,2
483,given,2
484,travel,2
485,small,2
486,fast,2
487,answers,2
488,building,2
489,countertop,2
490,ingredient,2
491,amazon,2
492,véleményetek,2
493,gainert,2
494,premier,2
495,break,2
496,bank,2
497,olds,2
498,comment,2
499,banana,2
500,pudding,2
501,oats,2
502,used,2
503,special,2
504,cooked,2
505,sell,2
506,mixes,2
507,self,2
508,thing,2
509,cocoa,2
510,forecast,2
511,check,2
512,massive,2
513,give,2
514,pain,2
515,avoid,2
516,brown,2
517,generally,2
518,iherb,2
519,prone,2
520,skin,2
521,buying,2
522,pick,2
523,biggest,2
524,contains,1
525,include,1
526,average,1
527,saturated,1
528,amix,1
529,plain,1
530,junk,1
531,loosing,1
532,liver,1
533,sites,1
534,ship,1
535,italy,1
536,directly,1
537,distributors,1
538,supply,1
539,oat,1
540,ninja,1
541,creami,1
542,puffs,1
543,barebell,1
544,lets,1
545,say,1
546,spoon,1
547,wat,1
548,sugary,1
549,captain,1
550,smash,1
551,producer,1
552,tired,1
553,lumpy,1
554,flavorless,1
555,ladder,1
556,giant,1
557,international,1
558,ball,1
559,concerned,1
560,caffeine,1
561,weigh,1
562,easy,1
563,basically,1
564,strenght,1
565,wrong,1
566,insight,1
567,caseïn,1
568,hulk,1
569,king,1
570,trough,1
571,alt,1
572,prices,1
573,surging,1
574,although,1
575,noticed,1
576,acesulfame,1
577,ruin,1
578,wont,1
579,dissolve,1
580,protizyme,1
581,picking,1
582,worm,1
583,spicy,1
584,benefit,1
585,lb,1
586,maintaining,1
587,defecit,1
588,benefits,1
589,mrt,1
590,leap,1
591,sweeteners,1
592,leaf,1
593,bulkbros,1
594,turn,1
595,life,1
596,disappointed,1
597,reddit,1
598,hunt,1
599,digest,1
600,cbum,1
601,fog,1
602,type,1
603,wan,1
604,anyones,1
605,pescience,1
606,dollar,1
607,tree,1
608,soon,1
609,suggestion,1
610,plus,1
611,detailed,1
612,acids,1
613,besides,1
614,cholesterol,1
615,monitor,1
616,tia,1
617,sued,1
618,bacterial,1
619,contamination,1
620,aches,1
621,suppose,1
622,manufacturer,1
623,least,1
624,hand,1
625,gluten,1
626,flags,1
627,beneficial,1
628,tf,1
629,tomato,1
630,crisps,1
631,thoughts,1
632,usn,1
633,transport,1
634,belly,1
635,swap,1
636,achieve,1
637,results,1
638,matcha,1
639,reputation,1
640,term,1
641,affect,1
642,insides,1
643,negatively,1
644,ie,1
645,diabetes,1
646,hormone,1
647,disruption,1
648,naming,1
649,ahh,1
650,remove,1
651,chunk,1
652,choose,1
653,hydrolyzed,1
654,badss,1
655,atomic,1
656,helimix,1
657,shakesphere,1
658,plateaus,1
659,chemical,1
660,within,1
661,bases,1
662,stupid,1
663,nutribio,1
664,arms,1
665,race,1
666,proteinone,1
667,nutraone,1
668,oxywhey,1
669,leanwhey,1
670,jocko,1
671,sparta,1
672,hydro,1
673,pro,1
674,hypoglycemia,1
675,sudden,1
676,change,1
677,syntha,1
678,mid,1
679,afternoon,1
680,digestion,1
681,walking,1
682,mild,1
683,works,1
684,boosters,1
685,pee,1
686,lol,1
687,preotein,1
688,gives,1
689,atleast,1
690,gm,1
691,serious,1
692,arbonne,1
693,shame,1
694,delivery,1
695,service,1
696,needed,1
697,op,1
698,vertical,1
699,sleeve,1
700,dense,1
701,becuse,1
702,examples,1
703,ingerident,1
704,medical,1
705,reasons,1
706,enjoy,1
707,hungry,1
708,lighter,1
709,consumption,1
710,comparable,1
711,information,1
712,elite,1
713,chops,1
714,revive,1
715,agrees,1
716,biotechusa,1
717,chestnut,1
718,even,1
719,describe,1
720,margin,1
721,facts,1
722,tendons,1
723,start,1
724,exercising,1
725,survive,1
726,thousand,1
727,mgs,1
728,bananas,1
729,specific,1
730,measurements,1
731,sweetened,1
732,cane,1
733,ripped,1
734,burns,1
735,throat,1
736,monk,1
737,nutritionals,1
738,desserts,1
739,pleads,1
740,canadian,1
741,packet,1
742,carnivorous,1
743,lenny,1
744,larry,1
745,coupon,1
746,kown,1
747,heard,1
748,german,1
749,esn,1
750,dave,1
751,killer,1
752,bagels,1
753,guidelines,1
754,seriously,1
755,fallen,1
756,nxtnutrition,1
757,hcl,1
758,large,1
759,decent,1
760,bloat,1
761,cause,1
762,gas,1
763,lbs,1
764,mayo,1
765,says,1
766,p,1
767,always,1
768,recs,1
769,microwave,1
770,dilute,1
771,cheese,1
772,leftover,1
773,significantly,1
774,buffet,1
775,already,1
776,canadians,1
777,whats,1
778,full,1
779,baby,1
780,artichokes,1
781,dutch,1
782,salty,1
783,nausea,1
784,lid,1
785,sealed,1
786,container,1
787,isotope,1
788,oziva,1
789,servings,1
790,multivitamins,1
791,become,1
792,throw,1
793,plz,1
794,cold,1
795,uses,1
796,powdery,1
797,nudge,1
798,bearable,1
799,unlucky,1
800,told,1
801,dishes,1
802,flour,1
803,nutrient,1
804,purpose,1
805,liter,1
806,pill,1
807,teen,1
808,puberty,1
809,texture,1
810,around,1
811,flavour,1
812,whites,1
813,skyrocket,1
814,hold,1
815,cellucors,1
816,cor,1
817,performance,1
818,spot,1
819,confuse,1
820,equilavent,1
821,scoops,1
822,magnetic,1
823,savory,1
824,helix,1
825,sheet,1
826,loop,1
827,along,1
828,represent,1
829,apply,1
830,edit,1
831,distance,1
832,discontinue,1
833,synthetic,1
834,handle,1
835,traveling,1
836,flying,1
837,cities,1
838,next,1
839,sure,1
840,modeling,1
841,clay,1
842,absorption,1
843,ability,1
844,cut,1
845,changed,1
846,bland,1
847,regular,1
848,greece,1
849,wheelchair,1
850,guess,1
851,fruity,1
852,shit,1
853,guy,1
854,powdered,1
855,oversized,1
856,bodyweight,1
857,judge,1
858,reasonable,1
859,vending,1
860,machine,1
861,defict,1
862,realised,1
863,versions,1
864,europe,1
865,america,1
866,nutricost,1
867,cheaper,1
868,birthday,1
869,remind,1
870,wo,1
871,dissolvable,1
872,packs,1
873,quattro,1
874,star,1
875,premium,1
876,vision,1
877,fuel,1
878,nothing,1
879,seems,1
880,edition,1
881,loaded,1
882,ops,1
883,magnum,1
884,grass,1
885,fed,1
886,altervatives,1
887,loose,1
888,sore,1
889,rest,1
890,refined,1
891,name,1
892,ollie,1
893,unaffected,1
894,lower,1
895,b,1
896,truvani,1
897,highest,1
898,nutrients,1
899,included,1
900,report,1
901,innovations,1
902,boost,1
903,signicent,1
904,llp,1
905,prosource,1
906,takers,1
907,outers,1
908,electronic,1
909,whisk,1
910,manual,1
911,shaking,1
912,measure,1
913,density,1
914,dit,1
915,disguising,1
916,biotech,1
917,usa,1
918,dinner,1
919,recipies,1
920,chilli,1
921,con,1
922,carne,1
923,actual,1
924,importance,1
925,refrigerated,1
926,suppliments,1
927,mint,1
928,substitutes,1
929,nutritional,1
930,wellness,1
931,identify,1
932,shamrock,1
933,rockin,1
934,supps,1
935,experience,1
936,hour,1
937,company,1
938,brought,1
939,broth,1
940,liquid,1
941,sooo,1
942,happy,1
943,r,1
944,pg,1
945,student,1
946,income,1
947,belong,1
948,middle,1
949,class,1
950,family,1
951,living,1
952,hostel,1
953,phase,1
954,hence,1
955,overall,1
956,qnt,1
957,recall,1
958,idea,1
959,whet,1
960,afraid,1
961,equate,1
962,opinions,1
963,doctor,1
964,lead,1
965,concern,1
966,reduce,1
967,portion,1
968,absorb,1
969,rehydrated,1
970,struggling,1
971,near,1
972,requirements,1
973,nah,1
974,yeast,1
975,packed,1
976,milkshakes,1
977,play,1
978,hockey,1
979,evening,1
980,split,1
981,twice,1
982,rule,1
983,thumb,1
984,stone,1
985,male,1
986,active,1
987,berry,1
988,blizzard,1
989,twig,1
990,wet,1
991,granite,1
992,unhealthy,1
993,healing,1
994,unique,1
995,single,1
996,ca,1
997,stand,1
998,termékeiről,1
999,valaki,1
1000,próbálta,1
1001,az,1
1002,kíváncsi,1
1003,vagyok,1
1004,milyen,1
1005,tapasztalatai,1
1006,vannak,1
1007,én,1
1008,vettem,1
1009,tavaly,1
1010,tenyleg,1
1011,nem,1
1012,sok,1
1013,eredményt,1
1014,mit,1
1015,használ,1
1016,mi,1
1017,termékekről,1
1018,animo,1
1019,fan,1
1020,buddy,1
1021,optimun,1
1022,homemade,1
1023,figuring,1
1024,shitty,1
1025,thanks,1
1026,bs,1
1027,dissolves,1
1028,cow,1
1029,disgusting,1
1030,goals,1
1031,fasting,1
1032,tablespoon,1
1033,huel,1
1034,probably,1
1035,preferred,1
1036,metabolism,1
1037,built,1
1038,puff,1
1039,pricey,1
1040,especially,1
1041,treat,1
1042,seconds,1
1043,sale,1
1044,saw,1
1045,promix,1
1046,exists,1
1047,cookies,1
1048,curry,1
1049,anabolic,1
1050,sprout,1
1051,trainer,1
1052,suggested,1
1053,maintenance,1
1054,ridiculously,1
1055,lest,1
1056,combination,1
1057,limits,1
1058,ate,1
1059,mess,1
1060,beginners,1
1061,syrup,1
1062,software,1
1063,predict,1
1064,affinity,1
1065,sequence,1
1066,turned,1
1067,situation,1
1068,brust,1
1069,headache,1
1070,gummy,1
1071,man,1
1072,gone,1
1073,tub,1
1074,chick,1
1075,contain,1
1076,yogi,1
1077,urination,1
1078,supplementation,1
1079,case,1
1080,cinnamon,1
1081,alright,1
1082,slow,1
1083,release,1
1084,ones,1
1085,tested,1
1086,kitchen,1
1087,ppd,1
1088,recomond,1
1089,constipation,1
1090,causes,1
1091,diarhhea,1
1092,rib,1
1093,tracker,1
1094,uncooked,1
1095,misleading,1
1096,us,1
1097,portions,1
1098,teenager,1
1099,tablets,1
1100,substitute,1
1101,consequence,1
1102,thats,1
1103,liquids,1
1104,exact,1
1105,consuming,1
1106,rather,1
1107,manufacturing,1
1108,tasty,1
1109,switching,1
1110,fluffy,1
1111,ways,1
1112,improve,1
1113,hurts,1
1114,solution,1
1115,putting,1
1116,subreddit,1
1117,educational,1
1118,purposes,1
1119,promotes,1
1120,promoting,1
1121,obviously,1
1122,others,1
1123,ask,1
1124,banned,1
1125,fit,1
1126,dissolving,1
1127,soluble,1
1128,particles,1
1129,beneath,1
1130,aminoacids,1
1131,crisis,1
1132,misfit,1
1133,individuals,1
1134,anywhere,1
1135,desperate,1
1136,squares,1
1137,definitely,1
1138,lack,1
1139,strength,1
1140,blueberry,1
1141,finally,1
1142,close,1
1143,toast,1
1144,bake,1
1145,prep,1
1146,tutorial,1
1147,cravings,1
1148,majority,1
1149,faced,1
1150,thx,1
1151,hype,1
1152,engineering,1
1153,scenario,1
1154,swot,1
1155,analysis,1
1156,business,1
1157,overview,1
1158,yogurt,1
1159,barks,1
1160,unopened,1
1161,bin,1
1162,april,1
1163,discovered,1
1164,hydrolysed,1
1165,dumps,1
1166,lmao,1
1167,bubbling,1
1168,crazy,1
1169,minutes,1
1170,seeing,1
1171,promotions,1
1172,lately,1
1173,ban,1
1174,attempts,1
1175,exceptions,1
1176,dates,1
1177,orange,1
1178,gritty,1
1179,pounds,1
1180,negative,1
1181,g,1
1182,dirt,1
1183,development,1
1184,key,1
1185,opportunity,1
1186,application,1
1187,boobs,1
1188,bigger,1
1189,explainer,1
1190,featuring,1
1191,scientist,1
1192,stuart,1
1193,phillips,1
1194,studies,1
1195,shortage,1
1196,impotant,1
1197,human,1
1198,containers,1
1199,mp,1
1200,newbie,1
1201,isonatural,1
1202,exclusive,1
1203,discount,1
1204,kidney,1
1205,searched,1
1206,insane,1
1207,lying,1
1208,reference,1
1209,determine,1
1210,proper,1
1211,amplify,1
1212,uptake,1
1213,ritual,1
1214,essentials,1
1215,iced,1
1216,tea,1
1217,juice,1
1218,pure,1
1219,chilled,1
1220,watch,1
1221,honey,1
1222,teenagers,1
1223,boil,1
1224,runner,1
1225,allergic,1
1226,gaspari,1
1227,legitimate,1
1228,thawing,1
1229,bioavailability,1
1230,stank,1
1231,must,1
1232,peanuts,1
1233,blending,1
1234,walmart,1
1235,flavoured,1
1236,announce,1
1237,secured,1
1238,discussions,1
1239,related,1
1240,everything,1
1241,macronutrients,1
1242,costco,1
1243,month,1
1244,seed,1
1245,supposed,1
1246,participate,1
1247,greatly,1
1248,comparisons,1
1249,advantages,1
1250,indian,1
1251,superfood,1
1252,ultimate,1
1253,applied,1
1254,oatmeal,1
1255,coca,1
1256,efficient,1
1257,scoups,1
1258,waste,1
1259,axe,1
1260,sledge,1
1261,farmfed,1
1262,blends,1
1263,gainers,1
1264,lime,1
1265,greens,1
1266,musclepharm,1
1267,combat,1
1268,gassy,1
1269,feel,1
1270,dreadful,1
1271,helps,1
1272,digestive,1
1273,support,1
1274,breakdown,1
1275,discomfort,1
1276,biocorpusa,1
1277,pancakes,1
1278,cup,1
1279,filling,1
1280,breakfeast,1
1281,goes,1
1282,blender,1
1283,pot,1
1284,refried,1
1285,beans,1
1286,answer,1
1287,called,1
1288,contribute,1
1289,explained,1
1290,minuteearth,1
1291,transparent,1
1292,premiere,1
1293,warned,1
1294,dynamatize,1
1295,criteria,1
1296,paying,1
1297,attention,1
1298,guidance,1
1299,feast,1
1300,gr,1
1301,isagenix,1
1302,vlog,1
1303,journey,1
1304,absorbable,1
1305,burger,1
1306,stores,1
1307,yet,1
1308,switch,1
1309,gag,1
1310,heathy,1
1311,meet,1
1312,req,1
1313,order,1
1314,absolutely,1
1315,horrible,1
1316,possible,1
1317,effective,1
1318,point,1
1319,another,1
1320,process,1
1321,funding,1
1322,drive,1
1323,expression,1
1324,prominence,1
1325,preventive,1
1326,healthcare,1
1327,driving,1
1328,propelling,1
1329,demand,1
1330,probiotics,1
1331,across,1
1332,globe,1
1333,gatorade,1
1334,little,1
1335,leaner,1
1336,purchase,1
1337,reccomadations,1
1338,bloodngutz,1
1339,regularly,1
1340,jill,1
1341,nutritionists,1
1342,recommended,1
1343,physically,1
1344,smallest,1
1345,counts,1
1346,myth,1
1347,busters,1
1348,vegans,1
1349,alert,1
1350,snort,1
1351,lupins,1
1352,sodium,1
1353,bread,1
1354,funky,1
1355,strange,1
1356,die,1
