words,count,site_social
protein,224,fitnessandpower
whey,154,fitnessandpower
músculo,41,fitnessandpower
um,32,fitnessandpower
gordura,30,fitnessandpower
corpo,27,fitnessandpower
gramas,23,fitnessandpower
Amina,22,fitnessandpower
escritório,22,fitnessandpower
pinterest,21,fitnessandpower
obter,21,fitnessandpower
também,21,fitnessandpower
zak,21,fitnessandpower
pronunciado,20,fitnessandpower
Aminoácidos de Cadeia Ramificada,20,fitnessandpower
ácidos,19,fitnessandpower
benefícios,19,fitnessandpower
pó,17,fitnessandpower
isolar,17,fitnessandpower
time,17,fitnessandpower
whey,229,gsup
protein,133,gsup
proteínas,72,gsup
muscular,58,gsup
leite,55,gsup
treino,53,gsup
suplemento,51,gsup
massa,51,gsup
tomar,49,gsup
proteína,49,gsup
protein,167,healthline
whey,47,healthline
pode,46,healthline
pó,42,healthline
produtos,42,healthline
Ingredientes,42,healthline
também,38,healthline
chocolate,36,healthline
gramas,36,healthline
melhor,36,healthline
l,34,healthline
de,31,healthline
cafeína,31,healthline
R ULAR -antes EG,30,healthline
músculo,29,healthline
terceira,28,healthline
baunilha,27,healthline
propágulos,27,healthline
ajuda,27,healthline
Pó,26,healthline
creatina,94,maxtitanium
whey,53,maxtitanium
muscular,43,maxtitanium
protein,38,maxtitanium
glutamina,38,maxtitanium
suplementação,29,maxtitanium
suplementos,28,maxtitanium
proteína,25,maxtitanium
tomar,21,maxtitanium
aumento,21,maxtitanium
whey,27,myproteinblog
proteína,24,myproteinblog
hidrolisada,10,myproteinblog
proteínas,9,myproteinblog
superior,7,myproteinblog
leite,7,myproteinblog
isolada,7,myproteinblog
uso,7,myproteinblog
lactose,6,myproteinblog
parece,6,myproteinblog
ter,5,myproteinblog
concentrada,5,myproteinblog
absorção,5,myproteinblog
horas,4,myproteinblog
tomar,4,myproteinblog
proteicas,4,myproteinblog
alguma,4,myproteinblog
deve,4,myproteinblog
suplementos,4,myproteinblog
indivíduo,4,myproteinblog
nutrição,87,nutritotal
whey,57,nutritotal
protein,49,nutritotal
clínica,45,nutritotal
proteína,38,nutritotal
jejum,32,nutritotal
prática,31,nutritotal
estudo,31,nutritotal
aqui,30,nutritotal
lactoferrina,30,nutritotal
whey,145,nutrufy
proteína,136,nutrufy
protein,128,nutrufy
proteínas,95,nutrufy
leite,64,nutrufy
soro,61,nutrufy
aminoácidos,49,nutrufy
muscular,40,nutrufy
saúde,32,nutrufy
of,32,nutrufy
massa,31,nutrufy
vegetal,31,nutrufy
estudo,30,nutrufy
peso,29,nutrufy
idosos,29,nutrufy
consumo,29,nutrufy
suplementação,27,nutrufy
origem,27,nutrufy
in,26,nutrufy
melhora,26,nutrufy
protein,70,proteinlicious
whey,39,proteinlicious
corpo,23,proteinlicious
qualidade,21,proteinlicious
Amina,19,proteinlicious
ácidos,18,proteinlicious
músculo,18,proteinlicious
também,17,proteinlicious
concentrado,14,proteinlicious
alto,13,proteinlicious
protein,610,reddit
whey,110,reddit
pó,190,reddit
bom,54,reddit
shake,43,reddit
isolar,42,reddit
barras,30,reddit
Pó,28,reddit
peso,25,reddit
nutrição,25,reddit
whey,173,sanavita
protein,117,sanavita
creatina,109,sanavita
suplemento,68,sanavita
muscular,64,sanavita
massa,58,sanavita
suplementação,46,sanavita
corpo,40,sanavita
importante,40,sanavita
proteínas,40,sanavita
suplementação,35,suplementacao
suplementos,34,suplementacao
massa,26,suplementacao
vitamina,23,suplementacao
muscular,22,suplementacao
importante,22,suplementacao
vitaminas,22,suplementacao
saúde,21,suplementacao
alimentação,18,suplementacao
explica,17,suplementacao
proteína,232,tnation
gordura,89,tnation
músculo,76,tnation
dieta,56,tnation
comer,54,tnation
nação,46,tnation
obter,40,tnation
mensagens,40,tnation
Perda,39,tnation
corpo,37,tnation
creatina,99,tuasaude
whey,52,tuasaude
muscular,41,tuasaude
protein,41,tuasaude
massa,36,tuasaude
suplemento,32,tuasaude
tomar,24,tuasaude
dia,23,tuasaude
proteínas,22,tuasaude
entanto,20,tuasaude
crossfit,3403,twitter
whey,2675,twitter
treino,2358,twitter
protein,1322,twitter
como,519,twitter
capacidade física,458,twitter
academia,388,twitter
obter,343,twitter
malhação,320,twitter
Proteína,290,twitter
