words,count
proteína,232
gordura,89
músculo,76
dieta,56
comer,54
nação,46
obter,40
mensagens,40
Perda,39
corpo,37
nutrição,37
time,37
pode,33
Caseína,30
precisar,29
gramas,29
um,28
como,28
dica,28
parar,24
formulário,23
pronunciado,23
par,22
suplementos,22
incluindo:,22
relacionado,22
termos,21
ingestão de água,21
marketing,21
e,21
Varia,21
Dado,21
assegure-se,21
proteínas,21
bioteste,21
Política,21
Respondendo,20
comer,20
aplique,20
discador automático,20
soro de leite,20
pó,20
comprar,20
link,20
em falta,20
a clicar,20
receber,20
