,Palavra,Frequência
0,n't,4
1,anyone,5
2,make,4
3,plain,1
4,whey,11
5,protein,68
6,without,2
7,bunch,1
8,junk,1
9,added,1
10,shake,3
11,awful,4
12,recommendation,1
13,additive-free,1
14,low-additive,1
15,producer,1
16,naked,1
17,'m,5
18,tired,1
19,lumpy,1
20,shakes,6
21,confused,2
22,size,2
23,scoop,2
24,powder,19
25,cookies,1
26,cream,1
27,terrible,2
28,found,3
29,1.5,1
30,grams,1
31,creatine,5
32,monohydrate,1
33,pre,1
34,serving,1
35,mean,2
36,basically,1
37,drinking,3
38,stop,2
39,lose,1
40,muscle,4
41,strenght,1
42,really,2
43,wrong,1
44,caseïn,1
45,proteins,1
46,bad,11
47,tried,4
48,protizyme,1
49,choco,1
50,cake,1
51,bitter,1
52,aftertaste,2
53,..,1
54,try,1
55,chicken,7
56,isolate,2
57,disappointed,1
58,reddit,1
59,taste,6
60,makes,1
61,sick,6
62,suggestions,2
63,eating,3
64,5,1
65,eggs,1
66,daily,2
67,past,1
68,10,3
69,days,4
70,part,1
71,new,2
72,intake,4
73,besides,1
74,cholesterol,1
75,exam,2
76,done,3
77,monitor,1
78,health,2
79,tia,1
80,get,1
81,reputation,1
82,long,3
83,term,1
84,supplement,2
85,affect,1
86,insides,1
87,negatively,1
88,ie,1
89,cancer,1
90,diabetes,1
91,hormone,1
92,disruption,1
93,idk,1
94,naming,1
95,everyone,1
96,stuff,1
97,tasting,2
98,hi,1
99,nutrabox,1
100,4,2
101,mid,1
102,snack,1
103,late,1
104,afternoon,1
105,got,3
106,digestion,1
107,issues,1
108,also,1
109,started,3
110,feeling,2
111,bloated,1
112,walking,1
113,mild,1
114,home,1
115,works,1
116,3-4,1
117,times,1
118,week,1
119,someone,1
120,guide,1
121,needs,1
122,half,3
123,serious,1
124,mass,1
125,right,1
126,looking,2
127,recommendations,3
128,chocolate,3
129,currently,2
130,using,3
131,arbonne,1
132,please,1
133,shame,1
134,know,2
135,6,2
136,months,3
137,post,1
138,op,1
139,vertical,1
140,sleeve,1
141,lost,1
142,total,1
143,60lbs,1
144,im,4
145,hard,1
146,time,1
147,advice,2
148,dense,1
149,becuse,1
150,eat,3
151,3oz/meal,1
152,getting,1
153,ideas,1
154,revive,1
155,dry,1
156,bars,5
157,expire,2
158,myprotein,3
159,seriously,1
160,fallen,1
161,quality,1
162,take,3
163,14,1
164,go,2
165,cold,1
166,least,1
167,powdery,1
168,nudge,1
169,bearable,1
170,uk,1
171,every,1
172,unlucky,1
173,think,2
174,need,2
175,way,1
176,less,1
177,told,1
178,bar,3
179,weird,6
180,texture,1
181,black,2
182,friday,1
183,deals,1
184,find,2
185,vitamins,1
186,listed,1
187,ingredients,2
188,synthetic,1
189,sources,1
190,would,1
191,see,1
192,buy,1
193,supplements,1
194,cheap,1
195,vs,1
196,expensive,2
197,tastes,2
198,like,2
199,shit,1
200,use,1
201,overnight,1
202,recovery,1
203,weight,3
204,loss,2
205,trying,2
206,loose,1
207,sore,1
208,muscles,2
209,gym,2
210,sweeteners,1
211,natural,1
212,artificial,1
213,vs.,1
214,non,2
215,refined,1
216,sugar,1
217,breast,4
218,losing,1
219,growth,1
220,unaffected,1
221,casein,2
222,shocked,1
223,differences,1
224,per,1
225,100g,1
226,powders,1
227,low,2
228,heavy,3
229,metal,2
230,content,2
231,experience,1
232,afraid,1
233,causing,1
234,acne,1
235,hate,2
236,vanilla,1
237,hey,1
238,guys,2
239,going,1
240,15,1
241,travel,2
242,concern,1
243,reduce,1
244,small,2
245,portion,1
246,'ve,1
247,question,3
248,could,1
249,answers,1
250,online,1
251,play,1
252,ice,2
253,hockey,1
254,training,1
255,morning,1
256,workout,2
257,evening,1
258,split,1
259,twice,1
260,fat,1
261,building,2
262,rule,1
263,thumb,1
264,stone,1
265,4lbs,1
266,male,1
267,active,1
268,roomate,1
269,left,1
270,wet,1
271,granite,1
272,countertop,2
273,smell,2
274,help,1
275,50g,1
276,unhealthy,1
277,17yrs,1
278,old,2
279,pre-made,1
280,cow,1
281,disgusting,1
282,taking,1
283,yellow,1
284,curry,1
285,high,1
286,anabolic,1
287,ate,1
288,lot,1
289,mess,1
290,making,2
291,stomach,1
292,giving,1
293,headache,1
294,excessive,1
295,urination,1
296,rib,1
297,meat,1
298,tracker,1
299,cooked,1
300,uncooked,1
301,great,1
302,value,1
303,teenager,1
304,14yo,1
305,fluffy,1
306,adding,2
307,meal,2
308,replacements,2
309,dissolving,1
310,water,1
311,soluble,1
312,particles,1
313,beneath,1
314,better,1
315,crisis,1
316,recently,2
317,discovered,1
318,hydrolysed,1
319,price,1
320,today,1
321,bubbling,1
322,crazy,1
323,minutes,1
324,normal,1
325,reaction,1
326,gold,1
327,standard,1
328,100,1
329,shakes/supplements,1
330,negative,1
331,side,1
332,effects,1
333,shaker,1
334,smells,1
335,insane,1
336,amount,1
337,fake,1
338,increase,1
339,uptake,1
340,boil,1
341,milk,1
342,worst,1
343,powders/bars,1
344,must,1
345,avoid,1
346,instant,1
347,pot,1
348,refried,1
349,beans,1
350,canned,1
351,meals,1
352,buying,1
353,gatorade,1
354,flavor,1
355,working,2
356,gain,1
357,little,1
358,bit,1
359,leaner,1
360,give,1
361,extra,1
362,energy,1
363,premier,1
364,regularly,1
365,year,1
366,replace,1
367,odd,1
368,alert,1
369,porridge/oatmeal,1
370,expired,1
371,ago,1
372,funky,1
373,look,1
374,strange,1
375,gon,1
376,die,1
377,drink,1
