words10;count
creatina;94
whey;53
muscular;43
protein;38
glutamina;38
suplementação;29
suplementos;28
proteína;25
–;23
tomar;21
aumento;21
suplemento;21
proteínas;20
aumentar;19
força;19
massa;19
desempenho;17
consumo;17
dia;16
corpo;16
aminoácidos;16
organismo;16
exercícios;16
ganho;16
alta;16
benefícios;16
fadiga;15
forma;15
importante;15
exercício;15
treino;15
pessoas;15
alguns;15
melhorar;14
água;14
saúde;14
durante;14
absorção;14
leite;13
atletas;13
intensidade;13
peso;12
article;12
melhora;12
compartilhe;12
amigos;12
dieta;12
físico;11
disso;11
antes;11
entanto;11
musculares;11
efeitos;11
glicogênio;11
melhor;11
carboidratos;11
problemas;11
qualquer;10
principalmente;10
aminoácido;10
renais;10
ingestão;10
síntese;10
algumas;9
amônia;9
treinos;9
níveis;9
tipos;9
nutricionista;9
recuperação;9
alimentação;9
duração;9
pois;9
objetivos;9
resultados;9
quantidade;9
ainda;9
utilizada;9
assim;8
gordura;8
qualidade;8
musculação;8
estudos;8
atividades;8
quais;8
existem;8
monohidratada;8
outros;8
uso;8
alimentos;8
essenciais;8
ajudar;8
sobre;8
física;8
outras;7
curta;7
após;7
maior;7
hipertrofia;7
exemplo;7
tipo;7
atividade;7
músculos;7
energia;7
momento;7
nutrientes;7
performance;7
sistema;7
muitas;7
vários;7
fontes;6
3;6
todas;6
partir;6
rápida;6
top;6
importantes;6
necessidades;6
principais;6
praticantes;6
bem;6
associada;6
redução;6
quer;6
usada;6
necessidade;6
max;6
devido;6
torna;6
período;6
quantidades;6
pó;6
ácido;6
funções;6
manutenção;6
doses;6
dose;6
ácidos;6
cada;6
metabolismo;6
dias;6
acúmulo;6
geralmente;6
especialmente;6
músculo;6
nutrição;6
fase;6
segura;6
apenas;6
dentro;6
considerada;5
calorias;5
soro;5
carga;5
magra;5
dosagem;5
simples;5
precisa;5
produzida;5
papel;5
m;5
reduzir;5
minerais;5
calórico;5
vegan;5
diversos;5
horários;5
"muscular;";5
ndo;5
propriedades;5
idosos;5
opção;5
vitaminas;5
treinamento;5
recomendadas;5
fornecer;5
ingerir;5
eficaz;5
profissional;5
utilização;5
objetivo;5
produção;5
auxiliar;5
diminuição;5
titanium;5
levar;5
retenção;5
prática;5
complementar;5
saber;5
auxilia;5
post;5
resistência;5
capacidade;5
pós;5
necessário;5
construção;4
sendo;4
corporal;4
gorduras;4
momentos;4
estresse;4
principal;4
consumir;4
popular;4
esportiva;4
pessoa;4
ideal;4
ômega;4
imunológico;4
concentrado;4
proteica;4
100%;4
educação;4
proteico;4
então;4
original;4
horário;4
alto;4
diversas;4
essencial;4
desempenha;4
ter;4
refeição;4
prolongados;4
consumida;4
rotina;4
deseja;4
fundamental;4
comum;4
existe;4
dúvida;4
desidratação;4
risco;4
deve;4
1;4
efeito;4
maneira;4
onde;4
superdosagem;4
parece;4
vamos;4
iniciantes;4
substâncias;4
hoje;4
relação;4
graxos;4
embora;4
possui;4
casos;4
comuns;4
bodybuilding;4
diária;4
desse;4
indivíduos;4
lenta;4
recomendada;4
sono;4
reações;4
potencializar;4
conhecido;4
colaterais;3
extraída;3
—;3
próprio;3
processo;3
fac;3
causas;3
diferentes;3
marcadores;3
vida;3
indispensável;3
l-glutamina;3
vegetais;3
difícil;3
logo;3
orientação;3
peixes;3
tardio;3
diminuir;3
journal;3
evitar;3
devem;3
resumo;3
hipercalórico;3
procurar;3
vegetarianos;3
reva;3
reposição;3
vez;3
saudável;3
fatores;3
contudo;3
apresenta;3
índice;3
desses;3
5;3
fonte;3
biológico;3
acordar;3
incluindo;3
demanda;3
valor;3
perda;3
"músculos;";3
lipídios;3
grandes;3
muitos;3
celular;3
físicos;3
boa;3
ricardo;3
bebês;3
entender;3
sido;3
físicas;3
gastrointestinais;3
resposta;3
considerando;3
coach-;3
dois;3
apesar;3
acompanhamentos;3
sugerem;3
renal;3
garantir;3
ficar;3
graduando;3
revas;3
comparado;3
engorda;3
physique;3
fisiculturismo;3
publicado;3
desde;3
isolado;3
origem;3
refeições;3
independentemente;3
crianças;3
capaz;3
função;3
formado;3
acordo;3
receitas;3
unicamp;3
pouco;3
biodisponibilidade;3
fazer;3
of;3
fácil;3
20182019;3
lactose;3
5%;3
(como;3
nutriente;3
ligada;3
possuem;3
diferenças;3
ifbb;3
doenças;3
dificuldade;3
baixo;3
menores;3
todos;3
causar;3
grande;3
estudo;3
variar;3
descobrir;3
três;3
falar;3
nascimento;3
praticidade;3
profissionais;3
hidrolisado;3
praticamente;3
depender;3
potência;3
começar;3
2;3
teor;3
mercado;3
amplamente;3
completa;3
possível;3
ponto;3
conheça;3
metionina;2
diárias;2
geral;2
neste;2
duas;2
captação;2
rica;2
individuais;2
radicais;2
maltodextrina;2
diarreia;2
comprar;2
toda;2
necessária;2
tcm;2
d-glutamina;2
ajuda;2
eficiente;2
ação;2
treinar;2
proteção;2
estudada;2
alcançar;2
gostou;2
phd;2
clássic;2
indicados;2
armazenamento;2
substituir;2
totalmente;2
sangue;2
uniguacu;2
anabolismo;2
concentração;2
significativamente;2
(com;2
micronizada;2
grátis;2
solubilidade;2
suplementar;2
catabolismo;2
consumido;2
outra;2
provocar;2
contendo;2
máxima;2
prazer;2
rins;2
orientações;2
misturar;2
carne;2
aporte;2
tão;2
20g;2
oferece;2
eou;2
produzi-lo;2
absorvida;2
tanto;2
meio;2
bi-campeão;2
simplesmente;2
hepáticos;2
6x;2
prático;2
quilo;2
compre;2
estudado;2
praticam;2
incluem;2
michel;2
inviável;2
adequada;2
resultar;2
frequentemente;2
regularmente;2
eficácia;2
colesterol;2
usar;2
circulação;2
central;2
volume;2
multivitamínico;2
-treino;2
outro;2
caso;2
enzimas;2
sabe;2
solúvel;2
"glutamina;";2
natural;2
precisam;2
popularidade;2
uti;2
causa;2
nutrition;2
crescimento;2
órgãos;2
recomendado;2
etil;2
bom;2
condicionalmente;2
distúrbios;2
limitada;2
tais;2
mitos;2
referência;2
reduzindo;2
caseína;2
vem;2
alterações;2
arginina;2
traz;2
produzir;2
diminui;2
digestão;2
lembrar;2
sanguínea;2
"cognitivas;";2
buscar;2
alguma;2
off;2
neurodegenerativas;2
treinados;2
própria;2
obter;2
300g;2
contribui;2
ph;2
"energia;";2
notar;2
posso;2
períodos;2
adequadas;2
avaliar;2
vai;2
modalidades;2
alimentares;2
quanto;2
micronutrientes;2
responsáveis;2
pacientes;2
vale;2
descanso;2
humano;2
encontrada;2
ve;2
diferente;2
substância;2
dano;2
seguro;2
juros;2
chevreul;2
descoberta;2
vezes;2
treinam;2
composto;2
veganos;2
atingir;2
utilizados;2
conteúdo;2
encontrado;2
funcionamento;2
apropriado;2
utilizado;2
suprir;2
aqui;2
tarefa;2
consultar;2
nitrogênio;2
adequado;2
and;2
têm;2
sempre;2
imunológica;2
preparo;2
destes;2
desempenhar;2
cardiovascular;2
escolha;2
aumentou;2
gasto;2
intermediários;2
"aminoácidos;";2
aumenta;2
chamado;2
tornam;2
sports;2
melhores;2
continuidade;2
líquidos;2
ganhar;2
naturalmente;2
gramas;2
á;2
cadeia;2
graxo;2
sabor;2
glicose;2
futebol;2
algo;2
atualmente;2
fitness;2
et;2
4;2
estilo;2
dizer;2
cãibras;2
mostram;2
transporte;2
concluiu;2
portanto;2
pós-treino;2
combinado;2
sabia;2
pix;2
perfil;2
dessa;2
livres;2
imune;2
pesquisas;2
menor;2
lanches;2
carboidratos);2
tamponamento;2
acesso;2
tudo;2
sensação;2
manter;2
frete;2
danos;2
enzima;2
armazenada;2
mesma;2
intenso;2
fim;2
dúvidas;2
poli-insaturados;2
loading;2
fluxo;2
cerca;2
lanche;2
graduado;2
recentes;2
necessários;2
podia;1
"treino;";1
exceto;1
formulação;1
(carcillo;1
verdade;1
restante;1
3g;1
vantajosos;1
resolver;1
homens;1
salmão;1
“respostas;1
incluir;1
esgotados;1
cuidado;1
auxiliem;1
7;1
calcular;1
presente;1
esportivo;1
falados;1
atendê-lo;1
pura;1
glóbulos;1
disponível;1
dopamina;1
amino;1
precauções;1
esteroides);1
colabora;1
instagram;1
adenosina;1
iniciando;1
encontrados;1
assimilação;1
exatamente;1
blocos;1
ciências;1
ausência;1
certa;1
parecem;1
convar;1
desgastantes;1
nesse;1
treina;1
pai;1
sustentável;1
httpswwwmaxtitaniumcombrprodutosproteinas;1
percentual;1
saciedade;1
cerebral;1
náusea;1
11;1
múltiplas;1
atua;1
[37];1
caloria;1
positivos;1
famosas;1
minutos;1
semi-essenciais;1
duram;1
direcionada;1
tomem;1
todavia;1
particulares;1
vermelhas;1
natação;1
"glicogênio;";1
mal;1
condições;1
evidência;1
posteriormente;1
passar;1
nascimentos;1
ergogênico;1
óssea;1
"(95%);";1
limitar;1
universitários;1
manhã;1
ingere;1
preocupações;1
3);1
fizer;1
afasta;1
(5);1
circunstâncias;1
horas;1
glicogênese;1
intensos;1
maneiras;1
veja;1
poucas;1
endógena;1
atuais;1
30;1
isenta;1
continuam;1
conhecidos;1
applied;1
anti-inflamatório;1
regras;1
participa;1
adote;1
avançado;1
baixa;1
"treinamento;";1
comprovam;1
valina);1
"absorção);";1
defesa;1
dormida;1
indicada;1
musculosos;1
órgão;1
temporariamente;1
estressados;1
conversar;1
hospitalizados;1
b12;1
“tão;1
investigado;1
cansaço;1
2019;1
substrato;1
8;1
coisas;1
produzido;1
exclusivos;1
interessante;1
buscam;1
pureza;1
“estresse”);1
internados;1
leva;1
lojas;1
alimentar;1
fornecendo;1
(isso;1
carnes;1
exercise;1
processada;1
curtos;1
vir;1
necessariamente;1
ficam;1
criados;1
(divididos;1
chamados;1
intuito;1
treinando;1
causando;1
ocorre;1
eugène;1
enquanto;1
definido;1
research;1
r$20990;1
taxa;1
tecnologia;1
atenuar;1
expert;1
anvisa;1
parte;1
aromas;1
bicampeão;1
tóxico);1
participam;1
encontram-se;1
inicialmente;1
realizar;1
sintetizada;1
0;1
induzido;1
25g;1
relatam;1
favorecendo;1
suficiente;1
corporais;1
(<;1
ômega-3;1
nenhum;1
dissolução;1
transformado;1
caminho;1
usá-la;1
seis;1
cólicas;1
oferta;1
(a;1
"gênero;";1
altera;1
influência;1
rígidos;1
prebiótica;1
hipercalóricos;1
adaptações;1
regra;1
disponíveis;1
venda;1
motivos;1
anti-inflamatórios;1
tônus;1
científicos;1
ervilha;1
potencializam;1
procure;1
(2);1
melhoria;1
auxiliando;1
ativação;1
afeta;1
in;1
problema;1
praticar;1
utilizadas;1
cítrico;1
favorecem;1
dica;1
acompanhamento;1
independência;1
biológicas;1
indicando;1
ultimamente;1
disritmia;1
encontra;1
ms;1
pena;1
incusive;1
qualifica;1
carregar;1
glutationa;1
quadros;1
esperados;1
baixos;1
normal;1
comprometimento;1
contração;1
sólidos;1
iniciante;1
estudados;1
faz;1
organismo);1
tomando;1
diminuindo;1
processamento;1
semanas);1
retardar;1
causador;1
nutrients;1
sprint;1
cetogênicas;1
atleta;1
fazendo;1
linha;1
isolada;1
relacionado;1
único;1
costuma;1
cardíaco;1
desnatado;1
dormir;1
pós-graduado;1
formação;1
(eca);1
agitada;1
pergunta;1
longo;1
envelhecimento;1
mastigação;1
atribuir;1
cirurgias;1
2002;1
maize;1
capacitado;1
equilibra;1
abordar;1
neurotransmissores;1
extrair;1
physiology;1
aliar;1
arranjo;1
impede;1
(mais;1
comparação;1
creatinacom;1
puxar;1
calórica;1
educador;1
corrente;1
(desaminação;1
consecutivos);1
interessantes;1
adequar;1
bons;1
cruciais;1
preferência;1
(icb-usp);1
sugestões;1
explosiva;1
citrato;1
buscando;1
(epa);1
crônica;1
(wph);1
vivermos;1
prematuros;1
incrível;1
organismos;1
falta;1
"gelada;";1
ingeri-lo;1
anulam;1
requer;1
2ª;1
voltarem;1
tirar;1
agradável;1
atp;1
módulo;1
dessas;1
inclusive;1
acesse;1
tendo;1
sentem;1
recomendados;1
gerais;1
ficou;1
passa;1
talvez;1
classic;1
sintetase;1
árdua;1
peixe;1
apareça;1
comparar;1
sistemas;1
hdl;1
ações;1
contato;1
reparar;1
deve-se;1
atraente;1
passou;1
óbvia;1
formas;1
vivos;1
youtube;1
(1);1
assunto;1
obtida;1
atp-cp;1
partículas;1
possibilidade;1
dietas;1
indesejáveis;1
submetido;1
"ajinomotoco;";1
1832;1
insuficiência;1
filtragem;1
frequentadores;1
gorduras);1
conseguir;1
malato;1
agindo;1
invistam;1
intestinal;1
possa;1
ldh;1
felipe;1
6;1
escritório;1
avançar;1
primeiro;1
desconforto;1
importância;1
necessita;1
acid;1
glicina);1
anchova;1
tente;1
poupando;1
conferir;1
preparado;1
(metabólito;1
letargia;1
(arginina;1
comprometer;1
deseja-se;1
prótons;1
(3);1
"17;11(4)863";1
tolerada;1
intervalos;1
sarcopenia;1
parecidas;1
tecidos;1
r$14900;1
pesos;1
-se;1
excessivo;1
tóxico;1
unânimes;1
protocolos;1
obtenção;1
glicêmico;1
vírus;1
entusiastas;1
19%;1
classificada;1
oxidação;1
mesmos;1
apresentam;1
trabalhos;1
distrofia;1
longa;1
açúcares;1
relativamente;1
desempenhando;1
impedindo;1
animal;1
auxílio;1
doença;1
chamadas;1
querem;1
afetando;1
mecanismo;1
alternativa;1
rapidamente;1
foco;1
depressão;1
conectada;1
resultando;1
variedade;1
metabolism;1
proporcionem;1
permeabilidade;1
alzheimer;1
benefício;1
conversora;1
maiores;1
liberada;1
tendem;1
anaplerose;1
necessárias;1
"aromatizantes;";1
basta;1
diário;1
contínuo;1
compostos;1
exijam;1
site;1
(glicogênio);1
limitados;1
ótimos;1
constantemente;1
molecular;1
conhecida;1
facilidade;1
envolvem;1
(dose;1
carbono;1
mínimo;1
k);1
preexistentes;1
promoção;1
incapacidade;1
geração;1
d;1
gera;1
prevenção;1
afetar;1
triathlon;1
óleo;1
treinamos;1
pautados;1
americano;1
hora;1
(tcm);1
reponha;1
60%;1
catabolizado;1
2012);1
uniguaçu;1
fisica;1
fica;1
supostamente;1
qualificado;1
08;1
"corporal;";1
consiste;1
anti-fatigue;1
aves;1
testículos;1
gestantes;1
ansiedade;1
ck;1
pedras;1
vantajosa;1
"repetitivo;";1
desejo;1
transportador;1
eliminem;1
ácida;1
proliferação;1
provável;1
melhorou;1
(ômega;1
desgaste;1
estimulador;1
extremamente;1
cargas;1
dependem;1
estar;1
intra-treino;1
mundial;1
canal;1
redutor;1
(leucina;1
"excedente;";1
aumentando;1
conta;1
população;1
publicidade;1
custo;1
agora;1
hidratação;1
permite;1
(6);1
geradoras;1
atuam;1
rápido;1
oferecer;1
ingerido;1
passo;1
regulatório;1
ganhado;1
httpsblogmaxtitaniumcombrcategoryreceitas;1
musculatura;1
grandes”;1
compreendendo;1
variedades;1
crossfit;1
peptídeos;1
reformulação;1
al;1
krebs;1
utilizamos;1
complementando;1
tratar;1
"trabalho;";1
grupo;1
macronutrientes;1
metionina);1
exógena;1
junto;1
juntamente;1
hidratos;1
comida;1
vômito;1
absorção);1
brancos;1
todo;1
"doenças;";1
sim;1
segurança;1
);1
ligeiramente;1
intensas;1
monofosfato-amp);1
acima;1
glicina;1
dextrose;1
siga;1
conjunto;1
noite;1
fornece;1
si;1
malhado;1
adaptativas”;1
mistura;1
1996;1
perdido;1
irregular;1
esportes;1
"glúten;";1
nível;1
(4);1
"pureza;";1
potencializadores;1
estado;1
crer;1
perecível;1
missão;1
brasil;1
(snc);1
referências;1
história;1
eficazes;1
memória;1
(tcl);1
tarefas;1
reduz;1
sala;1
adoçantes;1
plaquetária;1
menos;1
carro;1
consequência;1
"vegetal;";1
determinados;1
preferem;1
orientado;1
otimizar;1
plasmáticos;1
integral;1
prefira;1
nenhuma;1
saudáveis;1
"circulação;";1
docoexaenóico;1
empresa;1
hormônio;1
nad+nadh;1
nefrite;1
inibir;1
segmentos;1
quase;1
excesso;1
apresentar;1
beneficiar;1
acelerado;1
rim;1
clorídrico;1
lendo;1
exclusiva;1
combina;1
marmita;1
implica;1
málico;1
sabemos;1
distribuídos;1
citamos;1
impulsiona;1
completar;1
tomadas;1
ocorrer;1
composta;1
ldl;1
humanos;1
semanas;1
querendo;1
promovem;1
pesados;1
equilibrada;1
produto;1
contêm;1
revigora;1
componente;1
substituta;1
ônibus;1
vermelha;1
resultado;1
lá;1
associar;1
abaixo;1
descobriram;1
truta;1
reposta;1
inscreva;1
excessiva;1
hábito;1
pesquisadores;1
hídrica;1
filtração;1
relevante;1
vitamina;1
realiza;1
proporcionar;1
9;1
possua;1
academia;1
daqueles;1
ácido-base;1
praticado;1
produtos;1
contribuindo;1
naturais;1
cientista;1
comer;1
cinco;1
continue;1
ciclo;1
mencionadas;1
encontram;1
pequenas;1
õrgãos;1
misturada;1
administrá-los;1
indicado;1
presumir;1
blog;1
hidrólise;1
entenda;1
deste;1
"alimentar;";1
inclui;1
excelente;1
otonina;1
relaciona;1
conclusivos;1
wazy;1
transportar;1
"corpo;";1
aproveitada;1
indivíduo;1
pausar;1
isoleucina;1
obtidos;1
suporte;1
experimente;1
bioquímicas;1
recomenda;1
disponibilidade;1
vldl);1
cortisol;1
protege;1
suprem;1
comprimidos;1
fígado;1
temporário;1
atento;1
estoques;1
diretamente;1
anular;1
an;1
tornam-se;1
administrado;1
começou;1
comprovadamente;1
contribuam;1
sociedade;1
ofertado;1
esclarecer;1
sobrecarregar;1
passado;1
satisfazer;1
ocorrem;1
estabelecer;1
definição;1
digestibilidade;1
10;1
fenômeno;1
percebidos;1
hidroclorizada;1
óleos;1
37;1
"pós-treino;";1
versatilidade;1
rua;1
deficiência;1
strength;1
encontrar;1
bcaa´s;1
estimula;1
contrário;1
audrey;1
características;1
(carboidratos;1
picos;1
mudam;1
tamanha;1
metabólito;1
cardiovasculares;1
eficiência;1
única);1
armazenado;1
apr;1
hpercalóricos;1
oriente;1
prejudiciais;1
pesadas;1
clínicos;1
facilmente;1
ai;1
obrigação;1
ultrapassa;1
semana;1
lidam;1
sardinha;1
alimentos);1
condição;1
alcançando;1
óleos);1
ajudam;1
conditioning;1
2g;1
cuide;1
produzidos;1
intensa;1
metabólicos;1
hormônios;1
vistos;1
próprias;1
primordial;1
entrar;1
"refrigeração;";1
recuperaçãoreconstrução;1
raro;1
raros;1
(wpc);1
equilíbrio;1
mental;1
confortável;1
3-5gdia;1
jovens;1
instruções;1
energias;1
conhece;1
edulcorantes;1
contexto;1
controle;1
maromba;1
gostam;1
proveniente;1
copo;1
nesses;1
l-g;1
dificuldades;1
"exercício;";1
engordar;1
agente;1
alterar;1
esgotamento;1
dicas;1
combater;1
públicos;1
base;1
pare;1
30g;1
saborosas;1
situação;1
abundante;1
(glicina;1
"5-7dias;";1
náuseas;1
promove;1
chamada;1
20gdia;1
eicosapentanócio;1
"sanguíneo;";1
significativa;1
consideradas;1
potenciais;1
quebra;1
ideais;1
visando;1
maioria;1
param;1
neonatais;1
praticante;1
donatto;1
personalizadas;1
loja;1
íons;1
corantes;1
(wpi);1
(dha);1
consomem;1
alglutamine;1
emagrecimento;1
dorzinhas;1
ria;1
minimizar;1
promover;1
agregação;1
"ergogênicos;";1
indicam;1
20gramas;1
processos;1
atum;1
comportamento;1
alterne;1
aula;1
sanguíneos;1
mundo;1
angiotensina;1
lipídio;1
composição;1
fibra;1
elevadas;1
cumprem;1
fisiculturistas;1
animais;1
favorece;1
derivada;1
1990;1
fato;1
acabam;1
funciona;1
conva;1
linolênico;1
repor;1
dar;1
potencial;1
(aproximadamente;1
respeito;1
comumente;1
carboidrato;1
desconhecimento;1
inicial;1
"crescimento;";1
exercitam;1
arroz;1
questão;1
impedem;1
oxidativo;1
sólido;1
2003;1
abdominal;1
fortinho;1
palatinose;1
diferença;1
exaustivos;1
individual;1
international;1
consulte;1
internações;1
tal;1
transportada;1
aumentada;1
iniciais;1
valores;1
quebradas;1
demorar;1
facilitar;1
bem-estar;1
tomada;1
converse;1
restauração;1
facebook;1
fibregum™;1
vegetal;1
indústria;1
jogadores;1
pressão;1
eliminado;1
vendidos;1
(hormônio;1
normalizar;1
surge;1
via;1
descobriu;1
superiores;1
(carboidrato;1
somado;1
apontadas;1
diz;1
concentra;1
(baixo;1
haver;1
nome;1
nervoso;1
5g);1
estabelecido;1
(lactose);1
derivados;1
esqueça;1
preço;1
dentre;1
(gorduras;1
exerce;1
