words8,count
protein,70
whey,39
corpo,23
qualidade,21
Amina,19
ácidos,18
músculo,18
também,17
concentrado,14
alto,13
açúcar,12
contudo,11
Perda,11
notícias,11
pressão,10
diariamente,10
sistema,9
consumir,9
ruído de fundo,9
pode,9
suficiente,9
diferente,9
obter,9
publicar,9
peso,9
recrutamento,8
frio,8
geralmente,8
dieta,8
sono,8
massa,7
estresse,7
por,7
processado,7
isolar,7
país,7
JEAN,7
benefícios,7
Tipos,7
g,6
um,6
de fato,6
hidrolisado,6
Reprodutiva,6
mercado,6
bom,6
proteínas,6
imune,5
conteúdo,5
sinalização,5
