words10,count
whey,173
protein,117
creatina,109
suplemento,68
muscular,64
massa,58
suplementação,46
corpo,40
importante,40
proteínas,40
organismo,39
entanto,35
proteína,32
pessoas,32
consumo,31
dia,30
saúde,30
disso,28
forma,28
sobre,28
benefícios,28
m,27
mulheres,27
músculos,27
aumentar,27
recuperação,26
uso,26
nesse,25
magra,25
cada,25
aumento,24
resultados,24
peso,23
antes,23
treino,23
afinal,22
rotina,22
bodybalance®,21
processo,21
assim,20
sanavita,20
alta,20
corporal,19
consumir,19
tendo,19
ganho,19
vista,19
desempenho,19
possui,19
água,18
