,Palavra,Frequ√™ncia
0,foreign,9
1,types,10
2,hookah,9
3,pipes,9
4,say,30
5,ay,19
6,oh,65
7,whey,352
8,must,2
9,mad,12
10,man,20
11,throw,2
12,run,26
13,crossfit,434
14,class,11
15,wah,1
16,know,49
17,di,4
18,bloodclaat,1
19,old,2
20,foot,3
21,biden,2
22,ah,3
23,find,8
24,1,31
25,billion,1
26,send,5
27,ukraine,1
28,usa,2
29,suffering,1
30,blind,2
31,t-minus,1
32,50,12
33,days,14
34,2022,6
35,nobull,1
36,games.‚Å†,1
37,‚Å†,3
38,mindset,2
39,half,7
40,journey,2
41,n't,47
42,complain,1
43,hard,29
44,work,28
45,pressure,1
46,embrace,1
47,noah,1
48,ohlsen,1
49,bksports_photography,1
50,congrats,2
51,team,9
52,winners,2
53,atlasgames,1
54,.ca,1
55,punched,1
56,tickets,1
57,crossfitgames,14
58,--,2
59,1st,4
60,place,13
61,omnia,1
62,black,20
63,2nd,1
64,pro1,1
65,montreal,1
66,3rd,1
67,taranis,1
68,lifetree,1
69,4th,3
70,milford,1
71,conquer,1
72,5th,1
73,east,2
74,woodbridge,1
75,er,2
76,doctor,2
77,patient,2
78,something,15
79,common,4
80,...,47
81,'s,83
82,protein,129
83,especially,10
84,delicious,5
85,requested,4
86,warden,4
87,get,60
88,https,116
89,//houstonchronicle.com/lifestyle/renew-houston/fitness/article/er-doctor-and-patient-have-something-in-common-17244650.php,1
90,utm_campaign=cms,1
91,20sharing,1
92,20tools,1
93,20,8
94,premium,3
95,utm_source=t.co,1
96,utm_medium=referral‚Ä¶,1
97,via,5
98,houstonchron,1
99,end,10
100,game,30
101,prep,2
102,drills,1
103,‚Ä¶,5
104,step,2
105,‚Äô,231
106,coach,7
107,personaltrainer,1
108,fitness,60
109,gym,64
110,olympiclifting,1
111,weightlifting,8
112,glasgowfitness,1
113,gayglasgow,1
114,gayfitness,1
115,aesthetics,1
116,physique,2
117,muggy,1
118,like,101
119,statement,1
120,saying,4
121,‚Äú,39
122,prick,2
123,‚Äù,37
124,gon,14
125,let,15
126,weather,1
127,take,17
128,rocking,1
129,downloadfest,1
130,ironmaiden,1
131,shirt,3
132,today,37
133,working,14
134,split,2
135,jerk,1
136,barbell,3
137,complex,5
138,already,5
139,million,1
140,reasons,2
141,hate,25
142,'ve,13
143,added,4
144,one,40
145,actually,15
146,really,19
147,embarrassed,1
148,ever,12
149,lmfao,1
150,way,21
151,'m,17
152,taking,8
153,house,7
154,might,5
155,well,13
156,drugs,2
157,equally,2
158,shady,1
159,frito,1
160,lay,2
161,ruffles,1
162,potato,3
163,chips,2
164,beef,6
165,chuck,1
166,pot,2
167,roast,1
168,boneless,2
169,kirkland,2
170,organic,5
171,skinless,1
172,chicken,18
173,breasts,1
174,lee,1
175,farms,1
176,veggie,1
177,bowl,2
178,cytosport,2
179,100,17
180,vanilla,5
181,powder,19
182,sources,6
183,usually,5
184,consumed,5
185,breakfast,7
186,eggs,18
187,quinoa,4
188,yogurt,10
189,cottage,8
190,cheese,21
191,oatmeal,5
192,peanut,8
193,butter,10
194,omelets,4
195,nuts,5
196,t.,4
197,bacon,4
198,folks,1
199,least,5
200,lot,7
201,doctors,1
202,america,4
203,got,28
204,extra,6
205,practice,1
206,dealing,2
207,rhabdomyolysis,11
208,may,7
209,come,13
210,handy,1
211,``,33
212,flu,2
213,'',57
214,//twitter.com/mls_dave/status/1537573277509505026‚Ä¶,1
215,fucked,4
216,w,5
217,squat,7
218,numbers,1
219,315,1
220,6,8
221,tiring,1
222,wtf,7
223,queen,2
224,bake,1
225,dey,37
226,buy,8
227,‚Ç¶500,1
228,‚Ç¶900,1
229,within,3
230,months,7
231,enter,2
232,‚Ç¶1200,1
233,december,1
234,fit,6
235,shock,1
236,going,26
237,workouts,9
238,people,47
239,commercial,1
240,shit,29
241,elsewhere,1
242,always-creative,1
243,muscle,8
244,sport,7
245,adds,1
246,root,1
247,beer,2
248,float,1
249,lean,4
250,limited,3
251,time,30
252,//stack3d.com/2022/06/muscle-sport-root-beer-float-lean-whey.html‚Ä¶,1
253,power,8
254,growth,2
255,story,6
256,could,13
257,inspire,1
258,world,8
259,grow,3
260,uncomfortable,2
261,new,17
262,comfort,1
263,reason,6
264,post,8
265,papa,2
266,wan,9
267,see,24
268,dah,1
269,wey,3
270,school,8
271,give,10
272,money,11
273,chop,3
274,food,11
275,since,7
276,every,15
277,hungry,2
278,cuz,1
279,everytime,1
280,u,16
281,deh,2
282,puked,4
283,workout,41
284,outside,3
285,degree,2
286,weather‚Ä¶,1
287,weird,11
288,sounds,2
289,ta,4
290,earn,1
291,problem,2
292,actual,3
293,point,3
294,batman,2
295,many,6
296,poorly,1
297,done,11
298,interpretations,1
299,reimagined,1
300,finance,1
301,bro,5
302,coupled,1
303,billionaires,1
304,inherently,1
305,evil,1
306,conversations,1
307,online,4
308,spent,6
309,father,3
310,day,39
311,renewing,1
312,certification,1
313,want,27
314,great,1
315,methods,1
316,used,9
317,tools,1
318,toolbox,1
319,use,8
320,method,1
321,takes,2
322,create,4
323,champions,2
324,bielbryce,1
325,http,8
326,//legacyatcarbon.com,1
327,little,34
328,getting,11
329,better,4
330,breaking,4
331,back,26
332,205,1
333,lbs,7
334,stillirise,1
335,ca,6
336,believe,5
337,sick,7
338,dc,1
339,democrats,1
340,explain,2
341,5,18
342,1/2,4
343,year,20
344,hillary,1
345,russia,2
346,made,10
347,hoax,1
348,trump,2
349,paid,2
350,fbi,4
351,doj,1
352,supported,1
353,along,3
354,adam,1
355,show,7
356,oferta,1
357,amazon,2
358,30g,1
359,prote√≠na,6
360,dark,6
361,chocolate,20
362,"1,2kg",1
363,darkness,1
364,r,2
365,"130,00",1
366,4x,1
367,juros,1
368,frete,1
369,gr√°tis,1
370,prime,1
371,//amzn.to/3nbc3rr,3
372,turn,3
373,air,3
374,conditioning,3
375,unless,3
376,heat,3
377,advisory,1
378,100-105¬∞,1
379,indiana,1
380,idea,8
381,think,14
382,stupid,9
383,dangerous,9
384,tho,3
385,still,24
386,deductively,1
387,figured,2
388,women,20
389,seem,1
390,respond,1
391,extremely,1
392,style,3
393,theories,1
394,week,10
395,looking,9
396,things,15
397,different,2
398,perspective,1
399,always,12
400,bad,22
401,life,21
402,took,8
403,literally,10
404,signed,2
405,competitive,2
406,lets,2
407,snap,1
408,announced,4
409,4lb,5
410,dual,5
411,chamber,5
412,bag,7
413,mutant,5
414,side,12
415,triple,6
416,fudge,6
417,flavors,7
418,37.99,5
419,dps,6
420,nutrition,14
421,coupon,5
422,dps10,5
423,order,8
424,//dpsnutrition.net/d/1880/protein-deals.htm‚Ä¶,5
425,mutantnation,10
426,hey,4
427,repmtg,1
428,thought,10
429,need,29
430,security,1
431,protect,1
432,tough,8
433,center,3
434,classes,15
435,called,4
436,beast,2
437,mode,2
438,group,5
439,teenage,1
440,boys,3
441,asked,2
442,question,3
443,area,3
444,held,3
445,said,9
446,yeah,8
447,go,50
448,night,10
449,sir,1
450,stop,7
451,fetus,1
452,angry,1
453,went,8
454,pr,3
455,hang,6
456,clean,1
457,second,3
458,worst,6
459,lift,4
460,lmao,2
461,massive,1
462,restock,1
463,//tigerfitness.com,1
464,waiting,3
465,mts,1
466,machine,5
467,fix,2
468,suggest,1
469,fruit,2
470,cereal,2
471,insane,12
472,hello,2
473,hurts,5
474,manufactured,1
475,democrat,1
476,inflation,2
477,attacking,1
478,energy,9
479,causes,1
480,economic,1
481,war,1
482,leading,1
483,another,8
484,1861,1
485,tragedy,1
486,dems,1
487,crazy,9
488,joys,3
489,make,24
490,dead,5
491,awer,1
492,kids,3
493,bourn,1
494,plane,1
495,live,6
496,ar,1
497,teror,1
498,network,2
499,cross,7
500,red,3
501,lines,1
502,wem,1
503,forever,2
504,tetorist,1
505,family,4
506,ramunas,1
507,'d,5
508,needed,2
509,hit,4
510,macros,1
511,ice,4
512,cream,9
513,scoop,5
514,cup,8
515,silk,1
516,tbls,1
517,brown,2
518,sugar,5
519,120g,1
520,greek,5
521,tsp,1
522,xantham,1
523,gum,1
524,lots,2
525,blended,1
526,together,4
527,whipped,3
528,bits,1
529,worth,1
530,living,1
531,finish,7
532,cold,12
533,brew,3
534,home,14
535,play,4
536,ghost,2
537,tsushima,1
538,chill,2
539,tia,4
540,toomey,3
541,seen,4
542,athlete,19
543,blog_source,6
544,//rxrealm.com/video/only-tia-toomey-has-this-ive-not-seen-any-other-crossfit-athlete-with-one-ever/‚Ä¶,1
545,post_tags,6
546,pays,2
547,weekends,1
548,competition,9
549,snowdonia,1
550,rain,2
551,sun,5
552,shine,1
553,weekend,5
554,mile,8
555,sunday,4
556,without,5
557,sunset,1
558,yoga,5
559,lifetime,1
560,hills,1
561,breaks,2
562,sweat,1
563,sgt,1
564,colton,1
565,levi,1
566,derr,1
567,foundation,2
568,fundraiser,1
569,heavy,24
570,front,3
571,squats,3
572,wod,13
573,tonight,8
574,fuck,23
575,yes,2
576,rep.just,1
577,lie,2
578,instagte,1
579,kaos,1
580,fucking,16
581,jobs,1
582,matter,4
583,profit,1
584,f,2
585,us,11
586,country,1
587,hardest,2
588,thing,14
589,keto,1
590,overcoming,1
591,lies,2
592,face,3
593,reality,1
594,handed,1
595,silver,1
596,platter,2
597,plan,2
598,nacional,1
599,distribuci√≥n,1
600,animal,4
601,benefici√≥,1
602,m√°s,4
603,mil,1
604,familias,1
605,la,21
606,base,26
607,misiones,2
608,luisa,1
609,c√°ceres,1
610,arismendi,1
611,barcelona,1
612,con,2
613,venta,1
614,combos,1
615,proteicos,1
616,precios,1
617,solidarios,1
618,alimentaresvencer,1
619,vivendo,2
620,vcs,1
621,t√£o,3
622,achando,1
623,six,3
624,mt,2
625,nesses,1
626,2,38
627,dias,2
628,treino,41
629,curtindo,1
630,estilo,1
631,an√°lise,1
632,16hrs,1
633,tropinha,1
634,4q,1
635,31,2
636,abates,1
637,q1,1
638,top1,2
639,9k,2
640,q2,1
641,top5,1
642,q3,1
643,13k,1
644,q4,1
645,top11,1
646,0k,1
647,7,5
648,11,3
649,terror,1
650,godollars,1
651,golos,1
652,global,2
653,microparticulated,1
654,market,2
655,expected,4
656,witness,1
657,noticeable,1
658,cagr,1
659,8.3,1
660,2032,1
661,//express-press-release.net/news/2022/06/28/1193286‚Ä¶,1
662,brit,1
663,lucy,1
664,campbell,1
665,accepts,1
666,fear,1
667,failure,6
668,qualify,1
669,games,29
670,//rxrealm.com/blog/brit-lucy-campbell-accepts-fear-of-failure-to-qualify-for-crossfit-games/‚Ä¶,1
671,'re,14
672,china,1
673,spring,1
674,swing,5
675,macs,1
676,fry,1
677,truck,1
678,15:10,1
679,wo,2
680,disappointed,1
681,larrybaylorfb,1
682,pra,12
683,galera,1
684,curte,1
685,g+5,1
686,+3x5,1
687,trabalho,1
688,melhorar,2
689,sa√≠da,1
690,progress√£o,1
691,3,24
692,zagueiros,2
693,alas,1
694,ficam,2
695,apoio,1
696,dentro,2
697,meias,1
698,atacante,1
699,tendo,1
700,movimentar,1
701,inferioridade,1
702,num√©rica,1
703,mato,1
704,comer,2
705,stax,1
706,sour,2
707,onion,1
708,275,1
709,touch,2
710,25,7
711,total,3
712,broken,7
713,two,12
714,sets,5
715,solidreps,1
716,bentnotbroken,1
717,nothing,9
718,degrading,1
719,trying,8
720,eating,13
721,mash,1
722,potatoe,1
723,community,6
724,amica,1
725,small,16
726,woman,4
727,owned,3
728,box,14
729,matamoras,1
730,pa.,1
731,fire,5
732,destroyed,1
733,business,5
734,needs,4
735,help,8
736,donate,1
737,rebuild,2
738,pennsylvania,1
739,remember,6
740,physical,4
741,exercise,18
742,among,3
743,benefits,4
744,improves,1
745,body,17
746,flexibility,3
747,cut,2
748,damn,9
749,expensive,13
750,stacey,2
751,abrams,2
752,repulsed,1
753,gatorade,1
754,guys,2
755,widely,1
756,product,5
757,never,15
758,anyone,6
759,mouth,5
760,veritable,1
761,trash,1
762,waste,3
763,byproduct,2
764,production,1
765,dymatize,1
766,cocoa,2
767,pebble,2
768,fruity,1
769,similar,3
770,lil,9
771,buff,9
772,cake,7
773,//23d2f05b.kckb.st,3
774,mix,7
775,shop,4
776,cakes,6
777,vegan,9
778,fluff,3
779,frosting,3
780,job,3
781,opening,3
782,assistant,1
783,sports,7
784,performance,2
785,university,1
786,pay,5
787,less,5
788,cs,1
789,reps,1
790,start,9
791,higher,1
792,ed,2
793,required,2
794,financial,1
795,company,1
796,good,7
797,nsca,1
798,iusca,1
799,acsmnews,1
800,even,20
801,fun,7
802,hi,2
803,activity,2
804,paying,3
805,bunch,3
806,relive,1
807,memories,1
808,middle,4
809,high,5
810,p.e,1
811,curricula,1
812,rk,1
813,metabolism,2
814,kinda,7
815,'ll,7
816,lose,2
817,weight/look,1
818,skinnier,1
819,..,14
820,eats,1
821,usual,1
822,quite,3
823,unlikely,1
824,random,4
825,bar,4
826,nick,1
827,next,13
828,au,1
829,belly,1
830,stay,7
831,flat,1
832,bitches,1
833,tired,9
834,feel,13
835,nasty,3
836,lazy,4
837,dont,3
838,shower,2
839,someone,8
840,smack,1
841,im,5
842,sayin,1
843,shorts,4
844,mail,1
845,hittin,1
846,thang,1
847,excuses,1
848,halfway,2
849,now‚Ä¶,1
850,focusing,2
851,commentating,1
852,skills,1
853,daily,3
854,land,1
855,tier,1
856,broadcasts,1
857,stream,2
858,prioritizing,1
859,mental,9
860,health,12
861,recovery,2
862,dia,3
863,morri,1
864,menos,1
865,porque,1
866,agora,3
867,sei,1
868,limite,1
869,tentei,1
870,acompanhar,1
871,ritmo,1
872,t√°,1
873,l√°,3
874,meses,3
875,pernas,2
876,doloridas,1
877,caralho,1
878,menina,1
879,adolescente,1
880,elogiou,1
881,cabelo,2
882,disse,1
883,pare√ßo,1
884,pony,1
885,escapei,1
886,foto,1
887,novamente,1
888,hoje,7
889,trocar,1
890,celular,2
891,wild,1
892,rift,1
893,repente,1
894,precisa,1
895,mim,1
896,cara,3
897,loja,2
898,reconheceram,1
899,deram,1
900,wi-fi,1
901,treinei,1
902,kkkkkkkkkkkk,1
903,obrigado,1
904,gabrielbarretti,1
905,thythywr,1
906,abrem,1
907,portas,1
908,odd,4
909,figure,2
910,deal,3
911,lost,4
912,set,7
913,flights,2
914,ams,1
915,drinking,5
916,tripel,1
917,hetbrouwdok,1
918,hotel,1
919,max70,1
920,‚Äî,8
921,glory,1
922,chor√£o,1
923,dreams,3
924,whoever,2
925,are.,1
926,three-time,1
927,regional,1
928,victoria,1
929,campos,1
930,copa,3
931,sur,1
932,champion,1
933,debut,1
934,madison,1
935,august,2
936,person,20
937,met,1
938,arrogant,1
939,techniques,2
940,alls,1
941,solid,2
942,2.5,1
943,af,1
944,shape,2
945,edition,2
946,impact,1
947,2.5kg,1
948,latte,1
949,//fitnessmania.com.au/shop/my-protein/nutrition-my-protein/limited-edition-impact-whey-protein-2-5kg-latte/‚Ä¶,1
950,fitnessmania,1
951,kg,1
952,myprotein,4
953,documentary,1
954,itunes,1
955,single,15
956,regret,1
957,lmaooo,1
958,aberto,1
959,fechado,1
960,diretoria,1
961,trata,1
962,coring√£o,2
963,pobre,1
964,lixo,1
965,cobrando,1
966,ingresso,1
967,feminina,1
968,acorda,1
969,fiel,1
970,chutando,1
971,brazilians,1
972,consume,1
973,fake,8
974,milk,21
975,‚Äì,3
976,07/08/2022,1
977,mercado,1
978,//aw-journal.com/inflation-brazilians-consume-fake-milk-and-whey-07-08-2022-mercado/‚Ä¶,1
979,name,4
980,blue,2
981,tokai,1
982,coffee,5
983,flavoured,3
984,pissed,1
985,july,2
986,excessive,1
987,photos,2
988,placing,1
989,gawd,1
990,knees,3
991,putting,3
992,greens,3
993,mlb,1
994,batters,1
995,first,9
996,pitch,3
997,ab,1
998,92,1
999,mph,1
1000,heater,1
1001,tube,1
1002,hazy,1
1003,ipa,1
1004,4,8
1005,kyrie,1
1006,trade,1
1007,speculation,1
1008,bros,2
1009,jimmy,1
1010,somerville,1
1011,lumbered,1
1012,load,1
1013,happy,1
1014,kept,1
1015,‚Äò,5
1016,leave,3
1017,years,8
1018,calling,1
1019,valorant,1
1020,players,3
1021,nerds,1
1022,....,3
1023,........,1
1024,worry,3
1025,free,1
1026,sandbags,3
1027,goodbye,1
1028,lumpy,1
1029,dusty,1
1030,moldy,1
1031,sandbag,1
1032,filler,4
1033,bags,2
1034,introducing,1
1035,lotus‚Ñ¢,1
1036,//bit.ly/2hx3dxa,1
1037,sandbagworkout,1
1038,sandbagstore,1
1039,lotusfitnesssandbags,1
1040,low,2
1041,idiots,2
1042,opinions,1
1043,barely,1
1044,put,5
1045,lives,1
1046,stake,1
1047,national,2
1048,affairs,3
1049,las,5
1050,una,5
1051,alright,2
1052,amala,1
1053,gree,1
1054,forward,2
1055,beverage,1
1056,makers,1
1057,innovating,1
1058,solve,2
1059,major,1
1060,issue,4
1061,davidnilsenbeer,1
1062,//bit.ly/3yofzc9,1
1063,shake,9
1064,creatine,6
1065,hours,7
1066,forgot,2
1067,thank,3
1068,clear,7
1069,smell,1
1070,feet,4
1071,sample,1
1072,tasting,2
1073,wednesday,2
1074,yet,2
1075,deprimido,1
1076,aqui,1
1077,2018,2
1078,tava,2
1079,monstro,1
1080,gordura,1
1081,soh,1
1082,nunca,2
1083,consegui,2
1084,denovo,1
1085,vou,2
1086,soltar,1
1087,completamente,1
1088,gratuito,1
1089,odeio,8
1090,ind√∫stria,1
1091,padr√£o,1
1092,exerc√≠cio,1
1093,f√≠sico,1
1094,muscula√ß√£o,1
1095,tudo,1
1096,fazer,2
1097,flexao,1
1098,enfia,1
1099,burpee,2
1100,cu,1
1101,nao,1
1102,querooooooo,1
1103,imagine,1
1104,membership,2
1105,told,6
1106,everyday,7
1107,pierce,1
1108,ear,1
1109,6k,1
1110,50k,1
1111,twitter,3
1112,wetin,2
1113,ocean,1
1114,waves,1
1115,hand,1
1116,video,5
1117,sitting,2
1118,white,8
1119,ass,10
1120,curds,7
1121,part,3
1122,showing,2
1123,long,22
1124,break,4
1125,row,9
1126,behind,4
1127,past,6
1128,created,3
1129,sometimes,3
1130,impossible,2
1131,weeks,4
1132,away,11
1133,justin,1
1134,medeiros,1
1135,big,6
1136,damage,2
1137,monsterhydro,1
1138,monsterenergy,1
1139,apexlegends,2
1140,arenas,1
1141,hopefully,1
1142,fixed,2
1143,gun,2
1144,select,2
1145,bug,1
1146,update,1
1147,beyond,2
1148,annoying,7
1149,talking,3
1150,started,10
1151,join,8
1152,goal,3
1153,hot,6
1154,enough,2
1155,teacher,1
1156,american,5
1157,strippers,1
1158,basically,2
1159,sensual,1
1160,athletes,5
1161,lmfaoo,1
1162,maybe,10
1163,harsh,4
1164,adriano,1
1165,imperador,1
1166,sobre,7
1167,gol,2
1168,real,4
1169,madrid,1
1170,conversando,1
1171,seedorf,2
1172,come√ßamos,1
1173,bater,1
1174,falta,4
1175,acho,1
1176,gostou,1
1177,entrei,1
1178,segundo,2
1179,tempo,2
1180,primeira,1
1181,sofri,1
1182,da√≠,1
1183,chamou,1
1184,materrazzi,1
1185,apareceu,1
1186,podpah,1
1187,reprodu√ß√£o,1
1188,call,3
1189,radical,1
1190,leftist,1
1191,wonder,4
1192,broke,4
1193,eye,1
1194,pass,5
1195,2month,1
1196,god,5
1197,ai,1
1198,ham,2
1199,intake,3
1200,late,7
1201,afternoon,4
1202,post-leh-day-session,1
1203,london,1
1204,broil,1
1205,supper,1
1206,hebrew,1
1207,knockwurst,1
1208,hofmann,1
1209,snappy,1
1210,griller,1
1211,starter,1
1212,course,2
1213,238,1
1214,gm,2
1215,acceptable,1
1216,animal-based,1
1217,check,4
1218,rep,3
1219,gear,1
1220,save,5
1221,15,6
1222,orders,1
1223,using,6
1224,code,1
1225,save15,1
1226,heavyrepgear,1
1227,athletic,3
1228,training,25
1229,lifestyle,2
1230,clothing,3
1231,sportswear,2
1232,menswear,2
1233,womenswear,1
1234,thinking,3
1235,baking,1
1236,muffins,2
1237,starting,6
1238,keep,10
1239,buying,1
1240,cookies,2
1241,wheelies,1
1242,washington,1
1243,st.,1
1244,hoboken,1
1245,nj,1
1246,hobokennj,1
1247,average,3
1248,craves,1
1249,chick-fil-a,1
1250,crave,1
1251,lg,1
1252,powerhouse,1
1253,nutella,1
1254,rio,6
1255,//twitter.com/aaronfrobel86/status/1548594907748700160‚Ä¶,1
1256,marjorie,3
1257,taylor,4
1258,greene,3
1259,violent,1
1260,aware,1
1261,near,1
1262,congress,1
1263,cult,5
1264,electing,1
1265,marcus4georgia,1
1266,entering,2
1267,‚Äï,1
1268,dancefloor,1
1269,fought,1
1270,idiot,3
1271,females,2
1272,cards,1
1273,portable,3
1274,sister,2
1275,hair,2
1276,plait,1
1277,mornga,1
1278,apparently,3
1279,means,3
1280,hear,4
1281,remixed,1
1282,trap,1
1283,cardio,5
1284,parents,3
1285,giving,1
1286,heart,7
1287,sessions,2
1288,los,8
1289,pr√≥ximos,1
1290,gastos,1
1291,tengo,2
1292,previstos,1
1293,-segunda,1
1294,equipaci√≥n,1
1295,del,7
1296,betis,1
1297,-primera,1
1298,camiseta,1
1299,espa√±a,1
1300,-prote√≠na,1
1301,en,12
1302,polvo,1
1303,sabor,2
1304,-estampas,1
1305,√°lbum,1
1306,mundial,1
1307,a√±os,2
1308,odeeeioooo,1
1309,ripped,1
1310,summer,4
1311,everybody,2
1312,earliest,1
1313,cheeses,1
1314,likely,1
1315,early,3
1316,oldest,2
1317,picky,1
1318,would,12
1319,smash,1
1320,europe,3
1321,men,15
1322,fugly,1
1323,snacks,1
1324,todo,2
1325,es,4
1326,carbohidratos,1
1327,pa√≠s,1
1328,ptm,1
1329,arab,1
1330,conspiracies,1
1331,aunt,1
1332,deadass,1
1333,die,2
1334,-person,1
1335,death,4
1336,blow,2
1337,moron,1
1338,avi,1
1339,came,10
1340,mentions,1
1341,discredit,1
1342,elite,2
1343,young,2
1344,goals,4
1345,plantaratea,1
1346,weekendvibes,1
1347,motivation,4
1348,sundayvibes,1
1349,successmindset,1
1350,fitspo,2
1351,challenge,2
1352,tea,3
1353,tealovers,1
1354,greentea,1
1355,positivethoughts,1
1356,inspirationalquotes,1
1357,loveyourself,1
1358,instagood,1
1359,mentalhealth,1
1360,active,10
1361,fitfam,3
1362,personaltraining,2
1363,guy,10
1364,shutting,1
1365,tacos,2
1366,georgetown,1
1367,//twitter.com/defnotchuck/status/1550876500890624000‚Ä¶,1
1368,strength,13
1369,gives,1
1370,advantage,1
1371,general,1
1372,tenacity,1
1373,prove,2
1374,wrong,9
1375,pleasure,1
1376,compete,2
1377,legends,1
1378,bonus,1
1379,top,3
1380,podium,1
1381,surprised,2
1382,nft,1
1383,merch,1
1384,shreddedapes,6
1385,shaker,2
1386,pairs,1
1387,socks,3
1388,quality,3
1389,token,1
1390,glxy,1
1391,also,8
1392,joined,1
1393,shred,1
1394,camp,2
1395,chimpflip,1
1396,pro,4
1397,level,2
1398,astrals_nft,1
1399,retards,1
1400,iso,2
1401,legit,3
1402,biggest,1
1403,scam,2
1404,enjoy,1
1405,isoclear,1
1406,shrek,1
1407,fiona,2
1408,turned,1
1409,couples,1
1410,dem,2
1411,omo,1
1412,sad,6
1413,bigbrothernaija,1
1414,trainer,2
1415,model,5
1416,bjrphysique,1
1417,shoot,2
1418,ago,5
1419,updated,1
1420,watching,5
1421,updates,1
1422,activewear,1
1423,gymwear,1
1424,fitnessfashion,1
1425,gains,4
1426,instafit,1
1427,kipping,1
1428,cheating,5
1429,bench,7
1430,press,5
1431,arch,1
1432,sumo,1
1433,deadlift,4
1434,strongman,3
1435,leg,4
1436,drive,3
1437,bodybuilder,1
1438,partial,1
1439,rom,1
1440,bodybuilding,11
1441,powerlifting,6
1442,strangerthings,1
1443,targeted,1
1444,ads,5
1445,demographic,1
1446,depressing,1
1447,investing,1
1448,medication,1
1449,retirement,1
1450,clicking,1
1451,younger,2
1452,change,5
1453,algorithm,1
1454,stuff,7
1455,trips,1
1456,ibiza,1
1457,jet,1
1458,ski,1
1459,director,1
1460,adrian,1
1461,bozman,1
1462,discusses,2
1463,theory,2
1464,programming,1
1465,‚Üí,1
1466,//linkpaw.com/gamespodcast,1
1467,metamorphosis,1
1468,full,6
1469,wanker,1
1470,official,1
1471,description,1
1472,september,1
1473,choosing,1
1474,suggestion,1
1475,aggressive,2
1476,snatches,1
1477,vetoed,1
1478,partner,1
1479,dumb,5
1480,belles,1
1481,inno,1
1482,foods,5
1483,coconut,1
1484,clusters,1
1485,nestle,1
1486,carnation,1
1487,evaporated,1
1488,nexxus,1
1489,humectress,1
1490,conditioner,1
1491,himalayan,1
1492,pink,2
1493,salt,2
1494,tub,1
1495,alyssa,1
1496,drinks,3
1497,dutch,2
1498,ya,2
1499,ok,3
1500,honestly,2
1501,deserve,1
1502,lyss,1
1503,rough,3
1504,last,17
1505,whatever,2
1506,convos,1
1507,hero,3
1508,30,12
1509,calorie,1
1510,cflinchpin,1
1511,completed,3
1512,jerry,1
1513,2000m,1
1514,23:22,1
1515,10,7
1516,sec,2
1517,fallenbutnotforgotten,3
1518,30daysofherowods,2
1519,pushing,2
1520,grinding,2
1521,become,4
1522,mensmentalhealth,1
1523,stronger,1
1524,outdoor,4
1525,movemore,1
1526,2019,1
1527,breathable,3
1528,compression,2
1529,mma,6
1530,bottoms,1
1531,skin,1
1532,tight,1
1533,comouflage,1
1534,short,3
1535,pants,2
1536,miss,10
1537,much,13
1538,definitely,2
1539,esp,2
1540,muscles,8
1541,joints,2
1542,friends,5
1543,far,3
1544,cauliflower,2
1545,keys,1
1546,garlic,1
1547,farro,1
1548,dilly,1
1549,beans,4
1550,pistachio,1
1551,green,5
1552,goddess,1
1553,breadcrumbs,1
1554,upon,2
1555,request,4
1556,ask,3
1557,finished,4
1558,reports,1
1559,ahead,2
1560,garage,1
1561,76,1
1562,degrees,1
1563,90,3
1564,humidity,1
1565,bit,3
1566,omg,3
1567,chrissy,1
1568,minor,1
1569,bullshit,1
1570,infiltrated,1
1571,eddie,3
1572,fan,4
1573,fb,1
1574,bang,3
1575,head,5
1576,wall,4
1577,fiiiiiine,1
1578,vaccinati,1
1579,trasmettono,1
1580,l'mrna,2
1581,spike,2
1582,un,6
1583,recente,1
1584,studio,1
1585,link,2
1586,basso,1
1587,dimostra,1
1588,vaccino,1
1589,proteina,4
1590,restano,1
1591,nel,1
1592,sangue,1
1593,per,7
1594,almeno,1
1595,due,6
1596,settimane,1
1597,dopo,1
1598,l'inoculo,1
1599,context,2
1600,consistently,1
1601,max,5
1602,165lbs,1
1603,lifting,9
1604,though,8
1605,clue,1
1606,170lbs,1
1607,ball,3
1608,functional,5
1609,temper,1
1610,tantrums,1
1611,glocks,1
1612,awarded,1
1613,prizes,1
1614,companies,1
1615,reebok,5
1616,military,5
1617,boots,1
1618,tried,7
1619,distance,1
1620,scary,5
1621,flash,1
1622,flooding,1
1623,brentwood,1
1624,hanley,1
1625,industrial,1
1626,ct.,1
1627,tells,2
1628,water,6
1629,rushing,1
1630,ksdknews,1
1631,stlwx,1
1632,stlflood,1
1633,mowx,1
1634,brentwoodflood,1
1635,worked,3
1636,launch,1
1637,newcastle,1
1638,talk,8
1639,fact,4
1640,regular,3
1641,rugby,2
1642,etc,5
1643,enhancing,1
1644,look,9
1645,jacked,1
1646,disney,1
1647,she-hulk,1
1648,skinny,1
1649,dumbass,1
1650,plays,2
1651,longevity,1
1652,bodyweight,2
1653,minutes,5
1654,rounds,5
1655,pull,6
1656,ups,9
1657,push,5
1658,13,1
1659,bike,3
1660,cals,2
1661,2:00,1
1662,round,3
1663,whoop,1
1664,data,1
1665,wealth,1
1666,five,2
1667,dorime,1
1668,depend,2
1669,currency,1
1670,sha,3
1671,missed,3
1672,morning,13
1673,win,2
1674,begin,3
1675,moments,1
1676,bemorehuman,1
1677,basketball,2
1678,gymlifestyle,1
1679,el,2
1680,instructor,2
1681,ex,1
1682,abismo,1
1683,mr,3
1684,wide,2
1685,dale,1
1686,clone,1
1687,number,6
1688,8,14
1689,recommend,2
1690,core,2
1691,sesh,1
1692,vicious,1
1693,cough,2
1694,combo,2
1695,providing,1
1696,advice,2
1697,confuse,1
1698,misinform,1
1699,917k,1
1700,instagram,1
1701,followers,1
1702,organisation,1
1703,provide,4
1704,build,6
1705,appropriate,1
1706,experts,1
1707,better‚Ä¶,1
1708,‚Ä¶because,1
1709,cacao,1
1710,choc,2
1711,heaven,3
1712,//twitter.com/kellen_the_man/status/1553808562652008449‚Ä¶,1
1713,2-3,1
1714,servings,1
1715,sludge,3
1716,choke,1
1717,space,5
1718,throughout,1
1719,vrc,1
1720,avoiding,1
1721,making,6
1722,injury,3
1723,worse,6
1724,gatecrashed,1
1725,friend,4
1726,club,2
1727,session,2
1728,relaxed,1
1729,chatty,1
1730,8km,1
1731,runningpunks,1
1732,runatworld,1
1733,objectively,1
1734,giant,3
1735,travel,2
1736,stadium,2
1737,amount,2
1738,watch,5
1739,known,2
1740,mana,1
1741,sent,2
1742,israelites,1
1743,-based,1
1744,woke,1
1745,intermittent,1
1746,fast,4
1747,appreciate,1
1748,bulk,4
1749,understand,2
1750,viver,1
1751,apreciar,1
1752,cada,3
1753,parte,2
1754,processo,2
1755,bem,2
1756,saud√°vel,1
1757,treinar,1
1758,direito,1
1759,tirar,1
1760,melhor,1
1761,descanso,2
1762,sa√∫de,1
1763,prioridade,1
1764,cuidar,1
1765,busque,1
1766,vez,1
1767,resultados,1
1768,viva,1
1769,individual,1
1770,event,3
1771,mess,4
1772,terrible,5
1773,disappoint,1
1774,explained,1
1775,them‚Ä¶,1
1776,bc,5
1777,double,9
1778,uncross,2
1779,jump,12
1780,bitch,3
1781,10th,1
1782,gold,2
1783,baby,5
1784,shocking,2
1785,final,2
1786,b,4
1787,crossover,1
1788,c,3
1789,able,2
1790,perform,1
1791,unbroken,1
1792,options,2
1793,competing,3
1794,incredible,1
1795,comps,1
1796,gained,2
1797,pounds,3
1798,feeling,4
1799,mootivated,1
1800,cow,4
1801,attempt,2
1802,joke,4
1803,excited,1
1804,upper,1
1805,burner,1
1806,followed,1
1807,brand,2
1808,ambassador,1
1809,procompression,1
1810,fitnessmotivation,3
1811,fitmoms,1
1812,hell,4
1813,compliance,1
1814,oversight,1
1815,csam,1
1816,moderation,1
1817,badly,1
1818,jail,2
1819,todays,4
1820,bagel,1
1821,turkey,4
1822,burger,2
1823,pm,4
1824,powerbuilding,2
1825,pudding,2
1826,pasta,3
1827,salad,1
1828,tomorrow,8
1829,chest/back/shoulders,1
1830,sometime,1
1831,fittestrealtor,1
1832,crossfitcoach,1
1833,west,2
1834,rock,3
1835,//instagram.com/p/cg7xhotuh7w/,1
1836,igshid=ytgzyjq4zty=‚Ä¶,3
1837,trunk,1
1838,left,5
1839,willow,1
1840,tree,2
1841,storm,1
1842,guess,2
1843,plant,2
1844,magnolia,1
1845,feels,2
1846,cutting,1
1847,chainsaw,1
1848,hauling,1
1849,wood,5
1850,meant,3
1851,crowd,3
1852,3-5,1
1853,original,1
1854,semi-private,1
1855,girls,2
1856,gone,7
1857,subbed,1
1858,3tbsp,1
1859,plain,2
1860,1tbsp,1
1861,liquid,2
1862,emotional,1
1863,muscle-ups,1
1864,knowing,1
1865,ride,2
1866,crossfitgames2022,1
1867,dude,2
1868,bacteria,1
1869,identical,2
1870,exploitation,1
1871,animals,1
1872,huge,2
1873,site,1
1874,7:8,1
1875,alhilal,1
1876,finals,1
1877,oooh,2
1878,argument,3
1879,transitional,1
1880,forms,1
1881,comte,1
1882,curd,1
1883,dominate,3
1884,field,2
1885,tiatoomey,2
1886,times,3
1887,secret,1
1888,became,2
1889,hwpo,2
1890,excellence,2
1891,reconstructive,2
1892,elbow,2
1893,surgery,2
1894,brooke,2
1895,wells,2
1896,surges,2
1897,fifth,2
1898,gymaddict,1
1899,bodybuild,1
1900,chow,1
1901,x3,1
1902,egg,2
1903,whites,3
1904,rice,12
1905,broccoli,3
1906,4:30,1
1907,7:30,1
1908,and‚Ä¶.,1
1909,ordered,2
1910,complete,4
1911,grass,1
1912,fed,1
1913,isolate,6
1914,mexican,1
1915,krill,1
1916,oil,7
1917,bites,3
1918,s'mores,1
1919,bite,2
1920,cookie,2
1921,dough,1
1922,//onnit.com,1
1923,getonnit,1
1924,onnit,1
1925,saturday,3
1926,rogue,1
1927,stage,2
1928,attempted,2
1929,ryourogue,1
1930,start‚Ä¶,1
1931,mi,9
1932,encanta,1
1933,impuesten,1
1934,bebidas,1
1935,azucaradas,1
1936,ultra,1
1937,procesados,1
1938,pero,1
1939,¬øtambien,1
1940,podemos,1
1941,empezar,1
1942,altos,1
1943,costos,1
1944,verduras,1
1945,especial,1
1946,huevo,1
1947,carne,1
1948,dieta,1
1949,vegano,1
1950,chapinero,1
1951,news,5
1952,announce,1
1953,girlie,1
1954,obsessed,6
1955,checando,1
1956,pump,6
1957,p√≥s,1
1958,anything,5
1959,supplements,3
1960,weightloss,1
1961,weightgain,1
1962,diet,8
1963,psa,1
1964,casein,1
1965,contain,2
1966,apparent,2
1967,sospecho,1
1968,progres,1
1969,defienden,1
1970,granos,1
1971,alimentaci√≥n,1
1972,saludable,1
1973,romantizan,1
1974,cajas,1
1975,clap,2
1976,donde,1
1977,escasa,1
1978,masa,1
1979,abunda,1
1980,ryan,2
1981,patriots,2
1982,gopats,1
1983,strap,2
1984,mean,7
1985,biofreeze,1
1986,sore,3
1987,bihhh,1
1988,dunno,1
1989,chase,1
1990,satan,1
1991,earth,1
1992,kill,8
1993,humans,1
1994,strong,2
1995,defeat,1
1996,lem,2
1997,open,5
1998,hour,10
1999,45,1
2000,mins,1
2001,weights,10
2002,pasture,1
2003,raised,1
2004,unpasteurized,2
2005,oj,1
2006,bananas,1
2007,minion,1
2008,nicotine,1
2009,jasmine,1
2010,kombucha,1
2011,blueberries,3
2012,yoghurt,3
2013,raw,11
2014,unfiltered,1
2015,honey,2
2016,kefir,3
2017,mag,1
2018,turmeric,1
2019,nac,1
2020,niacin,1
2021,thiamine,1
2022,calcium,2
2023,mk7,1
2024,1.5,1
2025,gal,1
2026,8-9,1
2027,hrs,2
2028,sleep,3
2029,sun-thurs,1
2030,5-8,1
2031,'deranged,1
2032,republicans,2
2033,rails,1
2034,attacks,1
2035,mar-a-lago,1
2036,search,1
2037,conservative,1
2038,//rawstory.com/trump-2657852956/‚Ä¶,1
2039,freakin,2
2040,arimelber,1
2041,tell,6
2042,lady,2
2043,sell,1
2044,state,4
2045,secrets,1
2046,spy,1
2047,crap,3
2048,traitor,1
2049,btw,1
2050,saudis,1
2051,golf,2
2052,resort,2
2053,killed,4
2054,citizen,2
2055,responda,1
2056,usando,1
2057,tag,1
2058,vestindoaamarelinha,1
2059,pagode,1
2060,x,7
2061,v√≠deo,1
2062,janeiro,1
2063,paulo,1
2064,piscina,1
2065,futebol,1
2066,dummy,1
2067,revoada,1
2068,lagos,2
2069,'cold,1
2070,blooded,1
2071,human,1
2072,beings,1
2073,blast,1
2074,cost,1
2075,29m,1
2076,awon,2
2077,werey,2
2078,monitor,1
2079,fofana,1
2080,martinelli,1
2081,writing,2
2082,banger,1
2083,teach,5
2084,boris,1
2085,johnson,2
2086,failed,3
2087,relationships,1
2088,wanted,3
2089,rowalong,2
2090,//youtu.be/jig1ttx_xgy,1
2091,pace,3
2092,faster,1
2093,20spm,1
2094,plyo,2
2095,jumps,3
2096,care,1
2097,concept2,2
2098,hyrox,1
2099,rowing,4
2100,21,1
2101,bruiser,2
2102,chipper,1
2103,66,11
2104,deadlifts,3
2105,kb,4
2106,k2e,1
2107,sit,6
2108,thrusters,4
2109,burpees,3
2110,dus,1
2111,41:05,1
2112,shoes,3
2113,wearing,2
2114,fail,2
2115,eradicated,1
2116,commentators,1
2117,shouting,1
2118,ohhwoaahhohhh,1
2119,happens,2
2120,kompany,1
2121,v,1
2122,leicester,1
2123,tt/conte,1
2124,example,2
2125,fistbumps,1
2126,hands,1
2127,soul,2
2128,-nf,1
2129,jesusisking,1
2130,dclark_media,2
2131,//instagr.am/p/chp5rj-tvfo/,1
2132,sam,2
2133,stopped,3
2134,nipsey,1
2135,verse,1
2136,sure,7
2137,glorious,1
2138,nip,1
2139,rap,1
2140,culture,2
2141,osama,1
2142,tapes,1
2143,identified,1
2144,struggle,1
2145,battlefield,1
2146,bedtime‚Ä¶,1
2147,serious,4
2148,carrying,2
2149,toddler,1
2150,wasted,2
2151,soooooooo,1
2152,review,4
2153,meals,2
2154,301,1
2155,g,4
2156,2958,1
2157,1-,1
2158,oats,2
2159,apple,1
2160,cinnamon,2
2161,2-,1
2162,oz,4
2163,banana,4
2164,scoops,4
2165,3-,1
2166,ground,4
2167,4-,1
2168,5-10,1
2169,incompleto-,1
2170,asuu,1
2171,affect,1
2172,comment,1
2173,pick,1
2174,cos,3
2175,found,8
2176,robogeographer,1
2177,suspended,2
2178,clearly,1
2179,pouring,1
2180,tim,1
2181,hortons,1
2182,maple,1
2183,syrup,2
2184,travesty,1
2185,taps,1
2186,boy,5
2187,playtime,1
2188,rail,1
2189,strikes,1
2190,supermarket,1
2191,didnt,1
2192,accept,1
2193,visa,1
2194,takeaway,1
2195,waited,1
2196,till,2
2197,00:50,1
2198,cancel,2
2199,kaas,1
2200,german,1
2201,k√§se,1
2202,carefully,1
2203,looked,1
2204,smoking,2
2205,yoruba,2
2206,movie,1
2207,characters,3
2208,movies,3
2209,rituals,2
2210,four,1
2211,watched,1
2212,ran,3
2213,died,2
2214,digesting,1
2215,whey/whey,1
2216,struggling,1
2217,heavily,1
2218,vacuum,2
2219,callus,2
2220,remover,2
2221,18.99,2
2222,healthylife,2
2223,gaminshop,2
2224,phoneaccessories,2
2225,geek,2
2226,geeklife,2
2227,//gaminshop.com/vacuum-callus-remover/‚Ä¶,2
2228,local,4
2229,farmers,2
2230,sis,1
2231,bennettorchards,1
2232,absolute,1
2233,redneck,1
2234,quick,1
2235,miles,2
2236,breeze,1
2237,runner,1
2238,running,5
2239,farmersmarket,1
2240,bets,1
2241,hoping,2
2242,drunk,2
2243,costa,1
2244,180,2
2245,zone,1
2246,1400,1
2247,cal,1
2248,krispy,1
2249,kreme,1
2250,donuts,1
2251,cupcakes,1
2252,anc,1
2253,commissioner,1
2254,rewards,2
2255,cheaper,2
2256,crossfit‚Ä¶,1
2257,downsides,1
2258,mixing,1
2259,ceremonial,1
2260,grade,1
2261,matcha,1
2262,google,1
2263,results,5
2264,worthless,1
2265,davidasinclair,1
2266,mold_time,1
2267,yukarisakamoto,1
2268,28,2
2269,gunny,1
2270,weighted,14
2271,44:20,1
2272,slide,2
2273,street,3
2274,bend,3
2275,shift,2
2276,arm,3
2277,strike,10
2278,pose,9
2279,cadillac,9
2280,1kg,3
2281,pb‚Ä¶,1
2282,140kg,1
2283,determined,1
2284,barrier,1
2285,three,5
2286,tho‚Ä¶,1
2287,kia,1
2288,maia,1
2289,//instagram.com/p/chipqg_vcbd/,1
2290,78,1
2291,quid,1
2292,kilo,2
2293,stick,2
2294,dawg,1
2295,1k,1
2296,3:45,1
2297,today‚Ä¶,1
2298,aint,1
2299,bruh,3
2300,150,1
2301,meters,1
2302,jackiepro,1
2303,hobbies,1
2304,probably,4
2305,pottery,1
2306,regularly,1
2307,scheduled,1
2308,language,1
2309,spanish,1
2310,book,2
2311,read,5
2312,separately,1
2313,mock,1
2314,promotional,1
2315,email,1
2316,canva,1
2317,klaviyo,1
2318,editor,2
2319,design,1
2320,personal,4
2321,copy,1
2322,subject,2
2323,paydays,1
2324,tubs,3
2325,empty,2
2326,you‚Ä¶,1
2327,watery,3
2328,essence,1
2329,slightly,1
2330,separated,1
2331,off-putting,1
2332,store,2
2333,upside,1
2334,bottom,2
2335,tasted,2
2336,yk,1
2337,ill,2
2338,n,5
2339,exception,1
2340,funny,3
2341,¬Ø\_,1
2342,„ÉÑ,1
2343,_/¬Ø,1
2344,exhausted,1
2345,falling,1
2346,booked,1
2347,somehow,2
2348,around,5
2349,weight,9
2350,loss,2
2351,easier,2
2352,‚Ä¢,8
2353,meat,1
2354,dairy,6
2355,seafood,2
2356,golden,1
2357,rule,2
2358,eat,6
2359,gram,1
2360,pound,1
2361,gouda,1
2362,allowing,1
2363,condensation,1
2364,effect,1
2365,loses,1
2366,moisture,1
2367,article,12
2368,doubled,1
2369,income,1
2370,dummies,1
2371,hel,1
2372,meeeee,1
2373,unfair,1
2374,senior,1
2375,loan,3
2376,somebody,1
2377,ppp,2
2378,georgia,1
2379,fair,1
2380,right,12
2381,surto,1
2382,ludmilla,1
2383,briga,1
2384,invadiu,1
2385,conto,1
2386,oni1fans,1
2387,msretti,1
2388,morto,1
2389,vivo,1
2390,discutiram,1
2391,quase,2
2392,sa√≠ram,1
2393,soco,1
2394,separados,1
2395,treinador,1
2396,reservas,1
2397,ainda,1
2398,receberam,1
2399,amea√ßa,1
2400,suspens√£o,1
2401,motivo,1
2402,miafiors,1
2403,studios,1
2404,bia,2
2405,haddad,1
2406,veronika,1
2407,kudermetova,1
2408,18¬∞,1
2409,complexo,1
2410,usopen,1
2411,ponto,1
2412,devolu√ß√£o,1
2413,firme,1
2414,agressividade,1
2415,paci√™ncia,1
2416,muita,1
2417,intensidade,1
2418,f√≠sica,2
2419,sempre,2
2420,posicionada,1
2421,perto,1
2422,linha,1
2423,jokeoftheday,1
2424,bella,1
2425,shut,3
2426,tap,1
2427,abeg,1
2428,jor,1
2429,bbnajia,1
2430,asking,1
2431,chinups,1
2432,rack,1
2433,brother,1
2434,35,2
2435,ppl,4
2436,rn,2
2437,amaka,1
2438,waist,2
2439,stiff,3
2440,engine,1
2441,whole,4
2442,intentional,1
2443,building,2
2444,"190,000",1
2445,27,2
2446,"7,000",1
2447,month,4
2448,psychology,1
2449,add,2
2450,shining,1
2451,chain,1
2452,rings,1
2453,neck,2
2454,//twitter.com/tilewa__/status/1563657642052128770‚Ä¶,1
2455,carried,1
2456,pregnancies,1
2457,hkpelvicphysio,1
2458,recommends,1
2459,continue,1
2460,pregnancy,3
2461,'our,1
2462,pelvic,2
2463,floor,4
2464,tend,1
2465,mentioned,1
2466,names,3
2467,khloe,1
2468,aka,2
2469,coaching,3
2470,cheat,1
2471,reps‚Ä¶,1
2472,unashamed,1
2473,//instagr.am/p/ch0ygnvpnh3/,1
2474,smiles,1
2475,wlrcf,1
2476,calisthenics,3
2477,fat,3
2478,sorry,6
2479,babes,1
2480,curse,2
2481,smoothie,1
2482,ruined,2
2483,yum,1
2484,recipe,2
2485,jacobwhitesides,1
2486,foam,1
2487,testosterone,1
2488,nail,1
2489,clippings,1
2490,alexis,1
2491,tears,1
2492,paulette,1
2493,quotes,1
2494,hdmi,1
2495,cables,1
2496,animate,1
2497,06,1
2498,sasori-chan,1
2499,faux,1
2500,visual,1
2501,novel,1
2502,scene,1
2503,try,9
2504,goodness,1
2505,animators,1
2506,respect,3
2507,smoothies,1
2508,prepare,1
2509,dentist,1
2510,office,2
2511,routine,2
2512,cleaning,4
2513,120,1
2514,calories,2
2515,ended,2
2516,fever,1
2517,rotten,1
2518,harder,2
2519,varieties,1
2520,rubbery,1
2521,earlier,3
2522,batch,2
2523,//rxrealm.com/blog/less-than-a-year-after-reconstructive-elbow-surgery-brooke-wells-surges-to-fifth-place-at-the-2022-crossfit-games/‚Ä¶,1
2524,kidney,1
2525,pain,1
2526,seriously,5
2527,considered,2
2528,stir,1
2529,kidneys,1
2530,killing,3
2531,becoming,3
2532,finally,4
2533,turns,1
2534,hurt,1
2535,couple,2
2536,//twitter.com/kairyluminess/status/1565102166574092289‚Ä¶,1
2537,demonstrates,1
2538,hammer,2
2539,triceps,1
2540,biceps,1
2541,kettlebell,1
2542,meaning,1
2543,opposite,2
2544,caring,1
2545,happen,3
2546,countries,1
2547,nigeria,2
2548,billings,2
2549,birthday,3
2550,celebrant,1
2551,celebrate,1
2552,nigerians,1
2553,amoye,1
2554,meia,2
2555,ian,1
2556,luccas,1
2557,19,1
2558,anos,1
2559,chegou,1
2560,recentemente,1
2561,ferrovi√°ria,1
2562,novidade,1
2563,equipe,1
2564,profissional,1
2565,jovem,1
2566,jogador,1
2567,passagens,1
2568,categorias,3
2569,considerado,1
2570,promessa,1
2571,olho,1
2572,nele,1
2573,ggaleixo,1
2574,cruzeiro,1
2575,seems,5
2576,trip,2
2577,vacation,1
2578,tmobilehelp,1
2579,tmobile,1
2580,sprint,1
2581,cell,1
2582,service,4
2583,awful,2
2584,learned,3
2585,barry,1
2586,bootcamp,1
2587,grossed,1
2588,cycle,3
2589,orange,2
2590,combined,1
2591,mandatory,1
2592,almost,4
2593,president,1
2594,musk,1
2595,function,1
2596,lb,1
2597,dog,1
2598,stairs,1
2599,alarm,1
2600,dj,2
2601,proper,1
2602,ones,3
2603,track,1
2604,mta,1
2605,sold,1
2606,fare,1
2607,services,3
2608,consumer,2
2609,surveillance,1
2610,corporation,1
2611,congestion,1
2612,pricing,1
2613,complicit,1
2614,privacy,1
2615,ownership,1
2616,helped,1
2617,frank,2
2618,uhlarik,2
2619,balance,1
2620,passion,2
2621,propelled,1
2622,stage-three,1
2623,cancer,1
2624,keeps,3
2625,wife,2
2626,paula,1
2627,//omahamagazine.com/2022/08/29/409133/the-perfect-fit-frank-uhlarik-s-crossfit-journey‚Ä¶,2
2628,pull-ups,3
2629,beech,1
2630,laugh,2
2631,bryann,1
2632,modella,1
2633,left‚Ä¶,1
2634,bbnaija,2
2635,ways,1
2636,inch,1
2637,losing,1
2638,decided,2
2639,hottest,1
2640,hitter,1
2641,walked,1
2642,decisions,2
2643,shehulk,1
2644,looks,3
2645,bendy,1
2646,jolly,1
2647,heard,5
2648,wins,1
2649,saudi,1
2650,tournament,1
2651,gets,3
2652,date,1
2653,mtg,1
2654,whichever,1
2655,ages,1
2656,collar,1
2657,taken,1
2658,cycling,4
2659,barefoot,1
2660,paleo/keto,1
2661,diets,1
2662,concept,1
2663,brogrammer,1
2664,initially,1
2665,empowerment,1
2666,confidence,1
2667,freedom,1
2668,weakness,1
2669,poor,7
2670,lululemon,1
2671,suppressed,1
2672,9mm,1
2673,ars,1
2674,pumpkin,1
2675,spice,1
2676,labor,2
2677,ribs,2
2678,casual,3
2679,minute,3
2680,potatoes,4
2681,grill,1
2682,laborday2022,1
2683,behanchod,1
2684,op,2
2685,army,2
2686,dragging,1
2687,n/j,1
2688,obsession,1
2689,//t.co/iqic9er4az,1
2690,works,3
2691,chains,3
2692,ancestors,2
2693,recover,2
2694,natural,6
2695,mobility,4
2696,improve,3
2697,posture,2
2698,ibi,1
2699,machala,1
2700,doings,1
2701,grace,1
2702,mam,1
2703,carry,4
2704,aha,1
2705,blessed,1
2706,abehg7,1
2707,rolling,1
2708,naija,1
2709,dios,1
2710,lo,1
2711,bien,1
2712,estoy,1
2713,cuerpo,1
2714,wonders,1
2715,lately,1
2716,analyst,1
2717,explains,1
2718,tuesday,3
2719,turnaround,1
2720,trading,1
2721,index,1
2722,//brownfieldagnews.com/news/market-analyst-says-production-slowdown-helped-boost-global-dairy-prices/‚Ä¶,1
2723,ever_ag_,1
2724,brownfield,1
2725,agnews,1
2726,globaldairyp,1
2727,starts,4
2728,rest,7
2729,coworker,1
2730,gave,1
2731,ultimatum,1
2732,donut,1
2733,holes,1
2734,stared,1
2735,eyes,2
2736,opened,1
2737,shoved,1
2738,directly,1
2739,lewa,1
2740,striker,1
2741,confidently,1
2742,hope,7
2743,luck,1
2744,paleo,1
2745,avoid,1
2746,facts,1
2747,w/,3
2748,jason,2
2749,phillips,1
2750,//youtube.com/watch,1
2751,v=yvnautfm7fq‚Ä¶,1
2752,click,1
2753,amateur,1
2754,photography,1
2755,lifts,1
2756,lifted,2
2757,hs,1
2758,juco,1
2759,95,1
2760,exit,2
2761,velo,1
2762,college,2
2763,80,1
2764,across,2
2765,diamond,1
2766,room,1
2767,junior,1
2768,chupa,1
2769,chups,1
2770,cremosa,1
2771,perfetti,1
2772,van,1
2773,melle,1
2774,inc.,1
2775,ingredients,1
2776,corn,1
2777,glucose,1
2778,dry,2
2779,liquor,1
2780,acidifier,1
2781,citric,1
2782,acid,2
2783,artificial,3
2784,animal-free,1
2785,plant-based,1
2786,non-animal,1
2787,traditional,3
2788,except,3
2789,s.,1
2790,megadeth,1
2791,artists,1
2792,canon,1
2793,singing,1
2794,riffs,1
2795,licks,1
2796,wknd,1
2797,busy,2
2798,9/11,2
2799,themed,1
2800,xmen,1
2801,corner,1
2802,mcu,1
2803,interact,1
2804,frazzled,1
2805,current,2
2806,diet-,1
2807,bison,1
2808,venison,1
2809,avocado,2
2810,seed,1
2811,olive,3
2812,sourdough,1
2813,veggies,2
2814,garden,1
2815,blackberries,1
2816,peaches,1
2817,raspberries,1
2818,occasion,1
2819,account,1
2820,makes,4
2821,shades,2
2822,lib,1
2823,fcking,1
2824,generally,1
2825,weak,2
2826,invisible,1
2827,contained,1
2828,love,5
2829,trainning,1
2830,cinema,1
2831,studying,1
2832,alone,2
2833,cooking,1
2834,spell,1
2835,burk,1
2836,close,1
2837,rx‚Ä¶but,1
2838,911,1
2839,becauseisaidiwould,1
2840,8oz,3
2841,sirloin,1
2842,steak,4
2843,berries,1
2844,palatable,1
2845,ready,1
2846,walk,5
2847,dogs,1
2848,lunch,2
2849,allergies,1
2850,kicked,1
2851,drained,1
2852,drove,1
2853,longer,1
2854,extensive,1
2855,clinical,1
2856,study,1
2857,investigate,2
2858,links,1
2859,bullied,1
2860,likelihood,1
2861,police,1
2862,officers,1
2863,supporting,2
2864,kiki,1
2865,agbado,1
2866,tweets,3
2867,support,4
2868,pls,2
2869,dinner,1
2870,gunna,1
2871,dank,1
2872,filling,1
2873,50g,1
2874,goat,3
2875,ina,1
2876,ima,1
2877,rolls,1
2878,sushi,1
2879,pc,1
2880,sashimi,1
2881,curry,2
2882,yuca,1
2883,ooof,1
2884,deserved,3
2885,fasted,1
2886,weigh,1
2887,lest,1
2888,v√°rios,1
2889,jogadores,3
2890,participaram,2
2891,ct,3
2892,parque,2
2893,gigante,2
2894,allison,1
2895,matteo,1
2896,gustavo,2
2897,rangel,2
2898,lucas,2
2899,samuel,2
2900,felipe,1
2901,allan,2
2902,aniz,2
2903,thinks,1
2904,randomly,1
2905,comparable,1
2906,passage,1
2907,staying,1
2908,cornerstone,1
2909,marriage,3
2910,ultimately,1
2911,grew,1
2912,restless,1
2913,trainers,6
2914,engaged,1
2915,embarked,1
2916,gassed,1
2917,comedians,1
2918,content,1
2919,nudity,1
2920,sexualizing,1
2921,100kg,1
2922,j,3
2923,dream,1
2924,.....,2
2925,progress,2
2926,crossfitfamily,1
2927,proof,1
2928,guilty,5
2929,wondering,1
2930,cousin,1
2931,posted,1
2932,tik,1
2933,tok,1
2934,laying,1
2935,isps,2
2936,indeed,1
2937,interactive,1
2938,computer,1
2939,carrier,2
2940,transport,2
2941,hire,1
2942,//twitter.com/mmasnick/status/1571006029718237189‚Ä¶,1
2943,sinister,1
2944,curious,3
2945,medicinal,1
2946,baths,1
2947,switzerland,1
2948,monday,1
2949,9/19/22,1
2950,activation,1
2951,3x15,3
2952,banded,1
2953,aparts,1
2954,glute,1
2955,bridges,1
2956,hollow,1
2957,rocks,1
2958,1x20,2
2959,calf,1
2960,raises,2
2961,45lb,1
2962,tib,1
2963,joshua,1
2964,400m,1
2965,ghd,1
2966,225/155,1
2967,dl,1
2968,exceed,1
2969,70,1
2970,1rm,1
2971,min,3
2972,cap,2
2973,girlfriend,1
2974,anyway,1
2975,hurting,2
2976,self-esteem,1
2977,recoveringbro,1
2978,drd,1
2979,chicago,2
2980,gotten,1
2981,system,1
2982,established,1
2983,soooo,1
2984,basic,2
2985,eggs/kefir/whey,1
2986,beef/venison,1
2987,fish,4
2988,rotate,1
2989,potato's/pasta/rice,1
2990,pending,1
2991,dish,1
2992,seasonal,1
2993,dehydrated,1
2994,form,4
2995,donated,1
2996,kingsville,1
2997,mikey,1
2998,cfk,1
2999,high-intensity,5
3000,sweeping,5
3001,nation,5
3002,increasing,5
3003,cases,5
3004,//nestacertified.com/rhabdomyolysis-and-what-fitness-trainers-need-to-know-about-it/‚Ä¶,5
3005,nestacertified,5
3006,stretched,1
3007,septussy,1
3008,pity,2
3009,niggas,1
3010,sabi,1
3011,roll,1
3012,boomng,1
3013,odds,1
3014,thursday,1
3015,straight,1
3016,hin,1
3017,cast,2
3018,tia-clair,1
3019,reveals,1
3020,pulled,2
3021,//rxrealm.com/blog/tia-clair-toomey-reveals-she-almost-pulled-out-of-crossfit-games-due-to-back-injury/‚Ä¶,1
3022,clarice,2
3023,hq,1
3024,alpha,1
3025,charlie,2
3026,holy,2
3027,listen,5
3028,hatch,1
3029,responsibility,1
3030,hustle,2
3031,mood,1
3032,status,1
3033,turkish,1
3034,tv,2
3035,bolum,1
3036,adverts,2
3037,shows,1
3038,frames,1
3039,rather,1
3040,scenes,1
3041,confused,1
3042,yargi,1
3043,sign,4
3044,criminal,1
3045,bean,1
3046,chalky,1
3047,downside,1
3048,entirely,3
3049,dug,1
3050,pan,2
3051,muffin,1
3052,player.phynation,1
3053,please,3
3054,child,1
3055,phyna,1
3056,learn,2
3057,unlearn,1
3058,vote,1
3059,shout,1
3060,physician,1
3061,checkup,1
3062,bisnaguinha,1
3063,boyfriends,1
3064,fittest,2
3065,mathewfras,1
3066,holiday,2
3067,restaurant,2
3068,dozens,1
3069,diners,1
3070,exiting,1
3071,sterling,1
3072,happened,2
3073,polimath,1
3074,often,1
3075,research,1
3076,cc,1
3077,badmedicaltakes,1
3078,aye,2
3079,yall,3
3080,dirty,2
3081,south,3
3082,ych,1
3083,fi,5
3084,rush,3
3085,crush,3
3086,ft.,3
3087,jhope,3
3088,bts,3
3089,slow,5
3090,dance,4
3091,mirroed,3
3092,0.50x,3
3093,0.75x,3
3094,1.0x,3
3095,kpopk,3
3096,nincompoops,2
3097,injured,2
3098,dicks,4
3099,heave,2
3100,medicine,2
3101,balls,2
3102,treated,2
3103,dope,2
3104,severe,2
3105,dick,4
3106,rash,2
3107,caused,2
3108,coating,2
3109,whey-based,2
3110,acaba,3
3111,venir,1
3112,cabeza,1
3113,ianus,1
3114,despu√©s,1
3115,dreampod9,1
3116,obtuvo,1
3117,licencia,1
3118,publicar,1
3119,suplementos,4
3120,cyberpunk,2
3121,r.,1
3122,talsorian,1
3123,uno,1
3124,sus,1
3125,productos,1
3126,fue,1
3127,algo,1
3128,tan,1
3129,absolutamente,1
3130,noventero,1
3131,mashup,1
3132,vampiros,1
3133,portada,1
3134,cheesy,1
3135,inclu√≠da,1
3136,jumping,4
3137,pool,1
3138,heading,2
3139,hhaa40,1
3140,midatlanticswim,1
3141,usaswimming,1
3142,cfgeneration,1
3143,hh_athletics_,1
3144,horsham_pa,1
3145,hh_schools,1
3146,besides,1
3147,kills,1
3148,halo,2
3149,apex,1
3150,//twitch.tv/pistolitime,1
3151,apexlegendsclips,1
3152,haloinfinite,1
3153,xbox,1
3154,gamer,1
3155,alcohol,3
3156,'whey,2
3157,industry,2
3158,abdomen,2
3159,bigger,1
3160,torns,1
3161,drharusakamoto,1
3162,healthandhealing,1
3163,knowitforyourlife,1
3164,apart,1
3165,employees,2
3166,experiment-,1
3167,replace,1
3168,dessert,1
3169,stretching,3
3170,sucks,1
3171,record,4
3172,housemates,1
3173,reaction,2
3174,groophy,1
3175,groovymonoìÉµ,1
3176,144.6,1
3177,easing,1
3178,sustains,1
3179,peer,1
3180,bound,1
3181,technique,2
3182,arqfit,1
3183,//bit.ly/3rhqfab,1
3184,social,4
3185,media,4
3186,selfie,1
3187,kicking,1
3188,car,1
3189,washed,1
3190,insist,1
3191,20-25g,1
3192,iced,1
3193,cappuccino,1
3194,frappe,1
3195,diabetes,1
3196,crash,1
3197,emotionally,1
3198,invested,2
3199,prettiest,1
3200,wing,1
3201,angriest,1
3202,demo,1
3203,pancakes,1
3204,illegal,4
3205,chenamit,1
3206,contractor,1
3207,payments,2
3208,b2b,1
3209,riddle,1
3210,hoy,3
3211,simplemente,1
3212,destroying,1
3213,clouds,1
3214,legs,3
3215,blender,1
3216,paciente,1
3217,perguntando,1
3218,podia,1
3219,pos,1
3220,ces√°rea,1
3221,assim,3
3222,saude,1
3223,watin,2
3224,mention,2
3225,cps,1
3226,worker,1
3227,bye,2
3228,star,1
3229,pearly,1
3230,other's,1
3231,muddog,1
3232,pieces,2
3233,raising,3
3234,suicide,2
3235,prevention,1
3236,dedicated,1
3237,veteran,1
3238,grandfather,1
3239,//rxrealm.com/blog/crossfit-wod-raising-money-for-suicide-prevention-and-dedicated-to-late-veteran-grandfather/‚Ä¶,1
3240,kind,2
3241,hook,1
3242,bleuch√¢tel,1
3243,mould,1
3244,cultures,1
3245,foodstuffs,1
3246,undergoes,1
3247,chymosin,1
3248,swole,1
3249,dudes,1
3250,incline,4
3251,130s,1
3252,shall,1
3253,15th,1
3254,shorty,1
3255,leggings,1
3256,son,2
3257,swoley,1
3258,tesco,3
3259,recalling,1
3260,strawberry,1
3261,metal,1
3262,unsafe,1
3263,visit,2
3264,//tscnewschannel.com/consumer-affairs‚Ä¶,1
3265,list,2
3266,mince,1
3267,s/,1
3268,tuna,3
3269,cans,1
3270,prawns,1
3271,confira,1
3272,kit,2
3273,blend,2
3274,bcaa,1
3275,creatina,3
3276,"99,99",1
3277,encontre,1
3278,shopee,1
3279,//shope.ee/8kezjybxis,1
3280,brazil,2
3281,//instagram.com/p/cjgokdgvjf9/,1
3282,bayley,2
3283,brooklyn,1
3284,saw,4
3285,seth,1
3286,leaving,3
3287,summerslam,1
3288,accident,1
3289,cause,4
3290,herflexfitness,1
3291,crossfit‚Ä¶but,1
3292,lados,1
3293,boqueir√£o,1
3294,conhecer,1
3295,vila,1
3296,ol√≠mpica,1
3297,deixaram,1
3298,entrar,1
3299,pq,1
3300,estando,1
3301,camisa,1
3302,clube,2
3303,passando,1
3304,frente,1
3305,parece,1
3306,est√°dio,1
3307,ali,1
3308,ter√ßa-feira,1
3309,t√°tico,1
3310,elenco,1
3311,dourado,2
3312,volta,1
3313,trabalhos,1
3314,nesta,1
3315,quarta,1
3316,foco,2
3317,decis√£o,1
3318,domingo,2
3319,avante,1
3320,matogrossonaseriea,1
3321,ins,1
3322,thin,1
3323,sock,1
3324,medium,1
3325,//bikes.net.au/t/uk1t,1
3326,arguing,1
3327,jones,1
3328,liable,2
3329,false,1
3330,statements,1
3331,argue,1
3332,facebook,1
3333,third,1
3334,parties,1
3335,websites,1
3336,gavi,1
3337,jong,1
3338,chasing,1
3339,badddd,1
3340,chick,1
3341,longest,1
3342,listened,1
3343,hobo,1
3344,ngl,1
3345,learning,3
3346,stupidest,1
3347,strawberries,2
3348,flavoring,1
3349,approaching,3
3350,amrap,4
3351,freaks,3
3352,pretend,1
3353,chic,1
3354,wear,2
3355,scrunchie,1
3356,butt,2
3357,ridiculous,1
3358,inventions,1
3359,modern,1
3360,history,1
3361,gokathrynthomas,1
3362,obese,1
3363,hedgehogs,1
3364,island,1
3365,delayed,1
3366,sorrynotsorry,1
3367,14oct,1
3368,perfecta,1
3369,uni√≥n,1
3370,c√≠vico,1
3371,militar,1
3372,articulaci√≥n,1
3373,comit√©s,1
3374,locales,1
3375,abastecimiento,1
3376,producci√≥n,1
3377,fueron,1
3378,distribuidas,1
3379,toneladas,2
3380,socialista,1
3381,renacer,1
3382,bol√≠var,1
3383,estado,1
3384,yaracuy,1
3385,dysmorphia,1
3386,girl,5
3387,smallest,1
3388,fa‚Äî,1
3389,i‚Ä¶,1
3390,pics,1
3391,eye-opening,1
3392,fr,2
3393,lord,1
3394,bulking,1
3395,budget,1
3396,carbs,2
3397,beef/turkey,1
3398,thigh,1
3399,fats,1
3400,pb,2
3401,jiung,1
3402,preparing,1
3403,upcoming,1
3404,cb,1
3405,practicing,1
3406,obviously,1
3407,okay,1
3408,later,1
3409,crushed,1
3410,in-house,1
3411,quest,1
3412,message,2
3413,impactful,1
3414,mooving‚Ä¶,1
3415,holding,1
3416,slowly,1
3417,shuffling,1
3418,towards,1
3419,haha‚Ä¶,1
3420,comments,1
3421,foul,1
3422,fabinho,1
3423,blatant,1
3424,alisson,1
3425,questionable,1
3426,decision,1
3427,anthony,1
3428,seemed,1
3429,intent,1
3430,ignoring,1
3431,fouls,1
3432,liverpool,1
3433,salah,1
3434,tear,2
3435,wait,3
3436,healed,1
3437,227,1
3438,resident,1
3439,alabama,1
3440,bet,2
3441,rower,2
3442,900g,1
3443,price,2
3444,hike,1
3445,played,2
3446,football,4
3447,competed,1
3448,pl,1
3449,highland,1
3450,48,1
3451,bjj,2
3452,client,3
3453,55-pound,1
3454,vegans,1
3455,siento,1
3456,mal,1
3457,ir,1
3458,agree,1
3459,stress,2
3460,sense,1
3461,distant,1
3462,presence,1
3463,dried,2
3464,neh,1
3465,vida,1
3466,pessoa,1
3467,chegar,1
3468,casa,1
3469,perna,1
3470,cruel,1
3471,deita,1
3472,ch√£o,1
3473,pedindo,1
3474,deus,1
3475,morrer,1
3476,overwhelmed,1
3477,trim,1
3478,rebuilding,2
3479,gming,1
3480,laid,1
3481,underwhelmed,1
3482,aiming,1
3483,whelmed,1
3484,overshot,1
3485,vdd,1
3486,q,2
3487,vc,2
3488,acompanhamento,1
3489,nutricional,1
3490,toma,1
3491,coisa,1
3492,pega,1
3493,abuso,1
3494,academia,1
3495,f√°cil,2
3496,costume,2
3497,diversos,1
3498,dentre,1
3499,lucca,1
3500,todos,1
3501,titulares,2
3502,sub-20,1
3503,s√°bado,2
3504,celeiro,1
3505,alvorada,1
3506,ricardo,1
3507,duarte,1
3508,importa,1
3509,tanto,1
3510,leclerc,1
3511,liderou,1
3512,livre,1
3513,gp,1
3514,eua,1
3515,importante,1
3516,bottas,1
3517,ricciardo,1
3518,schumacher,1
3519,terminaram,1
3520,structured,1
3521,lesson,1
3522,afraid,1
3523,notsomethingyouseeeveryday,1
3524,piano,1
3525,musicianlife,1
3526,bebrave,1
3527,dohardthings,1
3528,cook,3
3529,keith,1
3530,yungel,1
3531,pawling,1
3532,endless,1
3533,task,1
3534,ceo,1
3535,867,1
3536,twobrainradio,1
3537,podcast,1
3538,episode,1
3539,//bit.ly/3cisjbg,1
3540,comp,2
3541,age,2
3542,16,6
3543,competitor,2
3544,26,2
3545,rank,1
3546,deniers,1
3547,hundreds,1
3548,spend,2
3549,replying,1
3550,evening,2
3551,standard,1
3552,publish,2
3553,hindu,1
3554,temple,1
3555,perils,3
3556,students,1
3557,wee,1
3558,hugging,1
3559,inside,2
3560,gutter,1
3561,plenty,2
3562,dunking,1
3563,church,2
3564,role,1
3565,society,1
3566,hub,1
3567,lattes,1
3568,kettleballs,1
3569,boss,3
3570,spoil,1
3571,glass,3
3572,craft,3
3573,bead,3
3574,blanket,3
3575,lap,3
3576,pads,3
3577,therapy,3
3578,sensory,3
3579,projects,3
3580,reborn,3
3581,doll,3
3582,rb7yw4i,1
3583,//amazon.com/dp/b07bb45nkm,2
3584,tag=ada0ff-20‚Ä¶,1
3585,taste,3
3586,1+,1
3587,kkkkkk,1
3588,10/26/22,1
3589,armor,1
3590,warmup,1
3591,hanging,1
3592,moment,1
3593,60,2
3594,unders,2
3595,singles,2
3596,9,2
3597,cleans,2
3598,115/80,1
3599,1-2-3-4-5,1
3600,rope,28
3601,climbs,1
3602,october,1
3603,teams,1
3604,8-6-4-2-5-3-1,1
3605,0:45,3
3606,strict,1
3607,chin,1
3608,crossfitbc,1
3609,opera√ß√£o,1
3610,'maromba,1
3611,interdida,1
3612,f√°brica,1
3613,clandestina,1
3614,alimentares,1
3615,produtos,1
3616,impr√≥prios,1
3617,consumo,1
3618,apreendidos,1
3619,respons√°vel,1
3620,estabelecimento,1
3621,acabou,1
3622,preso,1
3623,//r7.com/xs4z,1
3624,r7,1
3625,portalr7,1
3626,pre,1
3627,5g,1
3628,kitkat,1
3629,reagan-udall,1
3630,undertakes,1
3631,much-needed,1
3632,rampant,1
3633,dysfunction,1
3634,fda,1
3635,agency,1
3636,personnel,1
3637,speaking,1
3638,thread,1
3639,occasional,1
3640,treadmill,1
3641,desk,1
3642,breathe,1
3643,//n.pr/3c1ouno,1
3644,breathtraining,1
3645,justbreathe,1
3646,breathehard,1
3647,outofbreath,1
3648,munson,1
3649,geordie,2
3650,hangs,1
3651,greggs,2
3652,whaddaya,1
3653,theres,1
3654,says,2
3655,howay,1
3656,.............,1
3657,onto,1
3658,somehing,1
3659,brb,1
3660,rewriting,1
3661,dialogue,1
3662,henry,1
3663,cavill,1
3664,replaced,1
3665,liam,1
3666,hemsworth,1
3667,whateva,1
3668,peeps,1
3669,worried,1
3670,ben,1
3671,affleck,1
3672,robert,1
3673,patterson,1
3674,calm,1
3675,tittes,1
3676,mw2,1
3677,interface,1
3678,menus,1
3679,brain,1
3680,hulu,1
3681,navigating,1
3682,celebrating,1
3683,movement,1
3684,tacitly,1
3685,invites,1
3686,patrons,1
3687,dine,1
3688,dash,1
3689,related,1
3690,events,3
3691,3x,1
3692,strongest,1
3693,thor,1
3694,write/spell,1
3695,beat,1
3696,previously,1
3697,20ft,2
3698,2in,1
3699,3in,1
3700,kilt,1
3701,gyal,1
3702,sehh,1
3703,mek,1
3704,peas,3
3705,nuh,3
3706,season,1
3707,strained,1
3708,guh,2
3709,bout,1
3710,ps5,1
3711,18,1
3712,yo,1
3713,growing,1
3714,repairing,1
3715,aim,1
3716,grams,1
3717,meal,2
3718,grass-fed,2
3719,seeds,1
3720,healthylifestyle,1
3721,2010,1
3722,2012,1
3723,2014-2018,1
3724,affiliates,1
3725,transitioned,1
3726,deeply,1
3727,wellness,3
3728,focus,1
3729,thrive,1
3730,33:31,1
3731,rx,3
3732,9/12/12:30,1
3733,splits,1
3734,dad,3
3735,scaled,1
3736,goblet,1
3737,25:55,1
3738,finding,2
3739,lights,1
3740,rft,1
3741,db,4
3742,50/35,1
3743,24/20,1
3744,tribute,1
3745,kym,1
3746,dekeyrel,1
3747,biotechusaint,1
3748,looks/feels,1
3749,krusty,1
3750,imitation,1
3751,gruel,1
3752,comes,1
3753,absolutely,1
3754,loves,2
3755,hydro,2
3756,zero,1
3757,future,2
3758,prepara√ß√£o,1
3759,itamb√©,1
3760,minas,1
3761,continua,1
3762,pr√≥ximo,1
3763,desafio,1
3764,sesi-sp,1
3765,chegarem,1
3766,preparados,1
3767,itamboys,1
3768,fizeram,2
3769,amistoso,1
3770,contra,4
3771,jovens,1
3772,duelo,1
3773,paulistas,1
3774,neste,1
3775,19h,1
3776,sportv,1
3777,transmite,1
3778,joga√ßo,1
3779,ingrediente,1
3780,glutamato,1
3781,monosodico,1
3782,e621,1
3783,aroma,1
3784,potenciador,1
3785,hidrolizada,1
3786,arroz,1
3787,√°cido,1
3788,glut√°mico,1
3789,hace,1
3790,comas,1
3791,40,1
3792,conversational,1
3793,stare,1
3794,downs,1
3795,les,1
3796,.ley.r,1
3797,addictedtofancy,1
3798,thanks,1
3799,coming,3
3800,deads,1
3801,houston,1
3802,wolf,1
3803,husband,2
3804,midlife,1
3805,crisis,1
3806,heather,1
3807,dads,1
3808,ok.,1
3809,married,2
3810,divorced,1
3811,co-parenting,1
3812,//virginiasolesmith.substack.com/p/spanx-in-family-court‚Ä¶,1
3813,previous,2
3814,200kg,1
3815,pumpingiron,1
3816,trillion,1
3817,200,1
3818,11ty,1
3819,bajillion,1
3820,reminding,1
3821,dyingscribe,1
3822,ketamine,1
3823,washing,1
3824,biased,1
3825,non-toxic,1
3826,experience,2
3827,despite,1
3828,framing,1
3829,obvious,2
3830,fallen,1
3831,outroad,4
3832,battle,4
3833,diameter,4
3834,30ft,4
3835,poly,4
3836,dacron,4
3837,equipment,4
3838,trai,4
3839,vnjpqxk,1
3840,mens,2
3841,boxer,1
3842,briefs,1
3843,underwear,1
3844,mensfashion,1
3845,shortshorts,1
3846,gymmotivation,1
3847,motiva√ß√£o,1
3848,daddy,1
3849,husbands,1
3850,programa√ß√£o,1
3851,botafogo,2
3852,ap√≥s,1
3853,fim,1
3854,brasileir√£o,1
3855,13/11,1
3856,14,2
3857,15/11,1
3858,20/11,1
3859,folga,1
3860,21/11,1
3861,reapresenta√ß√£o,1
3862,3/12,1
3863,crystal,1
3864,palace,1
3865,selhurst,1
3866,park,5
3867,4/12,1
3868,retorno,2
3869,5/12,1
3870,f√©rias,1
3871,cp,1
3872,ir√°,1
3873,oferecer,1
3874,instala√ß√µes,1
3875,p/,1
3876,treinos,1
3877,interview,2
3878,guardsmen,1
3879,reservists,1
3880,duties,1
3881,reserveguardmag,1
3882,2023,3
3883,drop,4
3884,reach,1
3885,ouvindo,1
3886,eyed,1
3887,officially,1
3888,marijuana,1
3889,motivator,1
3890,turner,1
3891,queensforthenight,1
3892,bloody,1
3893,epic,1
3894,mat,1
3895,fraser,1
3896,lessons,1
3897,pla,1
3898,//youtu.be/qn6wzh2igvo,1
3899,disgusted,2
3900,muffet,6
3901,ngredients,1
3902,cbd,1
3903,soy,1
3904,lecithin,1
3905,freeze,1
3906,melt,1
3907,fridge,1
3908,handle,2
3909,protine,1
3910,recived,1
3911,return,3
3912,accepted,1
3913,seller,1
3914,approve,1
3915,immediately,1
3916,flipkartsupport,1
3917,qeygpqc,1
3918,ape,1
3919,boot,1
3920,hashtag2,1
3921,gloves,2
3922,finger,1
3923,elastic,1
3924,anti-skid,1
3925,musculation,1
3926,//snoopygym.com/summer-men-women-fitness-gloves-half-finger-breathable-elastic-anti-skid-gym-training-body-building-musculation-crossfit-gloves/‚Ä¶,1
3927,johannesburg,1
3928,coast,1
3929,fraction,1
3930,stock,1
3931,offers,1
3932,deliberate,1
3933,unflavoured,1
3934,5kg,1
3935,bulkofficial,1
3936,bonnlo,3
3937,plyometric,4
3938,x20,3
3939,x24,2
3940,4/5,3
3941,20mm,3
3942,thick,5
3943,660lb,3
3944,capacity,3
3945,ezn7poa,1
3946,//amazon.com/dp/b0796pwnbf,1
3947,tag=sonoma00-20‚Ä¶,1
3948,sat,4
3949,spider,2
3950,beside,2
3951,wrapped,1
3952,digbeth,1
3953,bus,1
3954,westbound,1
3955,station,2
3956,heath,1
3957,hwy,1
3958,mhn,1
3959,dull,1
3960,kara,1
3961,saunders,1
3962,//rxrealm.com/blog/breaking-down-kara-saunders-10-years-of-crossfit-excellence/‚Ä¶,1
3963,woulda,1
3964,inna,1
3965,mind,3
3966,pack,1
3967,cum,1
3968,jamaica,1
3969,nyam,1
3970,bones,1
3971,fraid,1
3972,crime,1
3973,belong,1
3974,muda,1
3975,fica,1
3976,parecendo,1
3977,prova,1
3978,oq,1
3979,diabos,1
3980,martelo,1
3981,unilateral,1
3982,isometria,1
3983,respiratory,1
3984,funk,1
3985,needless,1
3986,lungs,1
3987,fliptasticgym,1
3988,assaultbike,1
3989,dumbbells,2
3990,metcon,1
3991,feeltheburn,1
3992,chi,1
3993,yea,1
3994,phillip,1
3995,herndon,1
3996,110kg,1
3997,all-time,2
3998,395,1
3999,kilograms,2
4000,870.8,1
4001,source,9
4002,barbend,10
4003,//rxrealm.com/blog/phillip-herndon-110kg-sets-all-time-raw-squat-world-record-of-395-kilograms-870-8-pounds/‚Ä¶,1
4004,blog,9
4005,crossfitarticle,9
4006,crossfitblog,9
4007,crossfitnews,9
4008,fitnessarticle,8
4009,fitnessblog,8
4010,functionalfi,1
4011,nabil,1
4012,lahlou,1
4013,67.5kg,1
4014,322.5,1
4015,711,1
4016,//rxrealm.com/blog/nabil-lahlou-67-5kg-deadlifts-new-all-time-raw-world-record-of-322-5-kilograms-711-pounds/‚Ä¶,1
4017,finalmente,2
4018,conseguir,1
4019,executar,1
4020,sequer,1
4021,consigo,1
4022,imaginar,1
4023,quantas,1
4024,vezes,1
4025,falhei,1
4026,pensei,1
4027,demais,1
4028,desistir,1
4029,meio,2
4030,caminho,1
4031,chamo,1
4032,chinese,1
4033,aatrox,1
4034,rafinha,1
4035,anymore,1
4036,combine,1
4037,band,2
4038,felt,2
4039,ergrower,1
4040,wedding,1
4041,bride,1
4042,groom,1
4043,exercising,1
4044,personality,1
4045,sporty,1
4046,biz,1
4047,trends,1
4048,pure,1
4049,owner,1
4050,charged,1
4051,fraud,1
4052,//dlvr.it/scggmd,1
4053,recomendations,1
4054,0,2
4055,flavours,1
4056,normal,1
4057,shakes,3
4058,gyms,2
4059,whey-faced,2
4060,shit-weasel,1
4061,luxuriating,1
4062,shallow,1
4063,misguided,1
4064,vanity,1
4065,project,1
4066,mixed,1
4067,warm-ups,1
4068,crossfitoahu,1
4069,partnerweek,1
4070,oahu,1
4071,centaur,1
4072,tuffet,3
4073,kurds,1
4074,whey.,1
4075,nursery,1
4076,rhyme,1
4077,range,3
4078,olympic,3
4079,barbells,4
4080,bumpers,1
4081,accessories,1
4082,unlimited,1
4083,warranty,1
4084,//bit.ly/3ggnydg,1
4085,brxtribe,1
4086,crossfitcommunity,3
4087,//boxlifemagazine.com/how-long-on-rowing-machine/‚Ä¶,1
4088,boxlife,1
4089,natty,1
4090,yourpathperform,1
4091,reddevilz1975,1
4092,dani,1
4093,elle,1
4094,speegle,1
4095,//youtube.com/shorts/xbrsdeznr2c,1
4096,feature=share‚Ä¶,1
4097,youtube,2
4098,honored,1
4099,introduce,1
4100,board,1
4101,chair,1
4102,dcc,1
4103,xiii,1
4104,elizabeth,2
4105,jenkins,3
4106,miami,4
4107,dolphins,2
4108,svp,1
4109,currently,1
4110,chief,1
4111,operating,1
4112,officer,1
4113,vice,1
4114,coral,1
4115,springs,1
4116,everyone,6
4117,behaviour,2
4118,allergic,1
4119,suspect,1
4120,medically,1
4121,prescribed,2
4122,mild,1
4123,allergy,1
4124,fortunately,1
4125,alternatives,1
4126,stores,1
4127,discontinued,1
4128,bloated,1
4129,7fp54ns,1
4130,haaland,1
4131,ronaldo,2
4132,ballna,1
4133,tiff,1
4134,criaram,1
4135,falando,1
4136,camavinga,3
4137,iria,1
4138,mundo,1
4139,convocado,1
4140,lesiona,1
4141,nkunku,2
4142,solit√°rio,1
4143,faz,1
4144,kkkkk,1
4145,sinto,1
4146,amado,1
4147,verdade,1
4148,favor,1
4149,algu√©m,2
4150,ame,1
4151,namora,1
4152,alfie,1
4153,phil,1
4154,tek,1
4155,eastenders,1
4156,weimostar,1
4157,autumn,1
4158,jersey,2
4159,sleeve,1
4160,mtb,1
4161,bicycle,2
4162,road,4
4163,clothes,2
4164,follow,2
4165,//efitspot.com/weimostar-2022-autumn-pro-cycling-jersey-men-long-sleeve-mtb-bicycle-clothing-breathable-road-bicycle-shirt-road-cycling-clothes/‚Ä¶,1
4166,searqing,3
4167,duty,4
4168,climbing,3
4169,jute,3
4170,ropes,5
4171,fo,3
4172,eh6ej0c,1
4173,//amazon.com/dp/b093w29ghc,3
4174,tag=fairfield01-20‚Ä¶,1
4175,150kg,1
4176,330lbs,1
4177,twice,1
4178,lfg,1
4179,holding‚Ä¶,1
4180,soda,1
4181,fries,1
4182,candy,1
4183,shocked,1
4184,junk,1
4185,balanced,1
4186,pizza,2
4187,wings,1
4188,burgers,1
4189,gyros,1
4190,fried,2
4191,shockingly,1
4192,macro,1
4193,friendly,1
4194,micro,2
4195,missing,2
4196,sporzon,1
4197,iron,2
4198,2-inch,1
4199,grip,1
4200,plate,3
4201,gray,1
4202,//amzn.to/3egkg4a,1
4203,trav√©s,1
4204,commodities,1
4205,//rxrealm.com/blog/how-to-save-money-on-some-everyday-commodities/‚Ä¶,1
4206,functionalfitness,4
4207,therxreview,1
4208,x18,1
4209,vvtzhqy,1
4210,//amazon.com/dp/b0796p71jy,1
4211,tag=johnson0a8-20‚Ä¶,1
4212,act,1
4213,skoin,2
4214,risi_aunty,1
4215,whenever,2
4216,infuriating,1
4217,faced,1
4218,pipsqueak,1
4219,matt,1
4220,hancock,1
4221,thumbs,1
4222,simple,2
4223,minded,1
4224,seek,1
4225,musical,1
4226,catharsis,1
4227,sort,1
4228,trainsmart,1
4229,trainright,1
4230,queria,1
4231,ver,1
4232,amigos,1
4233,competindo,1
4234,amanh√£,1
4235,√≥dio,1
4236,viu,1
4237,covid,1
4238,dear,2
4239,insta,1
4240,deranged,1
4241,physiotherapist,1
4242,true,1
4243,nap,1
4244,getfit,1
4245,nursetwitter,1
4246,noexcuses,2
4247,kuleanafitness,1
4248,friday,7
4249,gonnagiveer,1
4250,alohaspirit,1
4251,yzf,1
4252,arranged,1
4253,muscleblaze,1
4254,party,2
4255,dress,1
4256,//lelesboutique.net/casual-womens-party-dress/‚Ä¶,1
4257,idk,1
4258,realized,1
4259,sauna,1
4260,phd,1
4261,and/or,1
4262,biochemistry,1
4263,mush,1
4264,slime,1
4265,neighbor,1
4266,participate,1
4267,everywhere,1
4268,hospital,2
4269,lol,2
4270,rudimentary,1
4271,sh,1
4272,chemo,1
4273,mrna,1
4274,creatin3,1
4275,hung,1
4276,yesterday,2
4277,traps,1
4278,oly,1
4279,extension,1
4280,position,1
4281,shredded,1
4282,fella,1
4283,dropped,1
4284,3.65,1
4285,sol,2
4286,recruited,1
4287,bought,2
4288,goooo,1
4289,arena,1
4290,smells,1
4291,rib,1
4292,durning,1
4293,horror,1
4294,importing,1
4295,roycedunne,1
4296,steinfeld,1
4297,surpreendeu,1
4298,pegou,1
4299,msm,1
4300,hailee,1
4301,tee,1
4302,shortinho,1
4303,atheist,1
4304,religion,1
4305,kraykray,1
4306,newsletter,1
4307,features,1
4308,instead,1
4309,//kateray.substack.com/p/the-secret-ingredient-whey‚Ä¶,1
4310,transparency,1
4311,communication,1
4312,priority,1
4313,communications,1
4314,manager,1
4315,becky,1
4316,closely,1
4317,committees,1
4318,ensure,1
4319,voices,1
4320,corporate,1
4321,ugly,2
4322,pete,1
4323,knotted,1
4324,towel,1
4325,mouldy,1
4326,basement,1
4327,fico,1
4328,imaginando,1
4329,derrota,1
4330,bernardo,1
4331,marca,1
4332,seguinte,1
4333,manh√£,1
4334,geral,1
4335,puto,1
4336,kinga,1
4337,rollup,1
4338,humble,2
4339,planet,1
4340,rawdogging,1
4341,fml,1
4342,9kg,1
4343,supply,2
4344,15lb,1
4345,mark,1
4346,punishment,1
4347,¬•6.5k/3kg,1
4348,prices,2
4349,cade,1
4350,dux,1
4351,listening,1
4352,fazendo,2
4353,linda,1
4354,vizinho,1
4355,trouxe,1
4356,a√ßa√≠,1
4357,acabei,1
4358,aderir,1
4359,reis,1
4360,hypertrophy,2
4361,guide,1
4362,boxrox,2
4363,//rxrealm.com/blog/how-long-should-you-rest-between-sets-hypertrophy-strength-and-power-guide/‚Ä¶,1
4364,boxroxfeed,1
4365,ambush,1
4366,thanksgiving,2
4367,festivities,2
4368,posts,1
4369,55,1
4370,brutal,1
4371,sudden,2
4372,‚Äîhe,1
4373,frodo,1
4374,sweaty,1
4375,bear,1
4376,bring,1
4377,twist,1
4378,trust,4
4379,posting,1
4380,brasil,1
4381,fez,1
4382,√∫ltimo,1
4383,antes,2
4384,estreia,1
4385,quinta,1
4386,24,5
4387,atividades,1
4388,grand,1
4389,hamad,1
4390,serviram,1
4391,tite,1
4392,aperfei√ßoar,1
4393,quest√µes,1
4394,t√°ticas,1
4395,esquema,1
4396,jogo,2
4397,paquet√°,1
4398,vini,1
4399,jr,1
4400,pedro,1
4401,everton,1
4402,ribeiro,1
4403,come√ßam,1
4404,banco,1
4405,colunadofla,1
4406,w7zt24h,1
4407,//amazon.com/dp/b07twwklrc,3
4408,tag=graysharbor0a-20‚Ä¶,1
4409,shopping,3
4410,uses,1
4411,upgo,1
4412,everything,1
4413,developed,1
4414,professional,2
4415,families,1
4416,mdque_33,1
4417,devonallen13,1
4418,bartdiehl,1
4419,relationship,1
4420,.na,1
4421,rq,1
4422,craving,1
4423,shawarma,1
4424,argentina,1
4425,issues,1
4426,gap,1
4427,defense,1
4428,midfield,1
4429,paul,1
4430,horrible,1
4431,aswell,1
4432,enzo,1
4433,disgusting,3
4434,minus,3
4435,awesome,1
4436,bands,3
4437,generic,1
4438,pretty,1
4439,boring,2
4440,filthy,1
4441,whether,2
4442,mass,3
4443,56,2
4444,bars,2
4445,would'nt,1
4446,//rxrealm.com/video/weightlifting-got-weird-today-my-back-wouldnt-let-me-squat/‚Ä¶,1
4447,crossfitvideo,1
4448,crossfityoutube,1
4449,ussop,1
4450,coward,1
4451,saco,1
4452,pancadas,1
4453,troca,1
4454,chutes,1
4455,ronds,1
4456,intervalo,1
4457,music,1
4458,9pm,1
4459,lyrics,1
4460,porrada,1
4461,esquiva,1
4462,boxe,1
4463,febre,1
4464,//youtu.be/zr-p7mzn18k,1
4465,hurry,1
4466,tattoos,1
4467,rich,3
4468,hermes,1
4469,1lb,2
4470,exercises,2
4471,adjustable,2
4472,speed,2
4473,skipping,5
4474,vunqxu4,1
4475,//amazon.com/dp/b08pmg52zz,2
4476,tag=fairfax0d-20‚Ä¶,1
4477,cotton,3
4478,excersise,3
4479,boxing,5
4480,zu8cttv,1
4481,//amazon.com/dp/b083jc4css,3
4482,tag=hopkins074-20‚Ä¶,1
4483,stork,1
4484,nursing,1
4485,prenatal,1
4486,postnatal,1
4487,collagen,1
4488,po,1
4489,zeg5diz,1
4490,walai,1
4491,resemble,1
4492,sicki,1
4493,ffs,1
4494,fighting,1
4495,demons,2
4496,constant,1
4497,loop,1
4498,metcons,1
4499,runs,2
4500,train,1
4501,disappear,1
4502,cw5ok8v,1
4503,tag=mckinley06-20‚Ä¶,1
4504,dkz,1
4505,vlive,1
4506,else,2
4507,noticed,1
4508,lemsip,1
4509,nurse,2
4510,colds,1
4511,winters,1
4512,liverking,1
4513,pre-workout,1
4514,testicles,1
4515,grassfedwhey,1
4516,wheyprotein,1
4517,grassfed,1
4518,igfitness,1
4519,spartanrace,1
4520,ladies,1
4521,6am,1
4522,gays,2
4523,simp,1
4524,attention,2
4525,ako,1
4526,lang,1
4527,ba,1
4528,hndi,1
4529,believer,1
4530,ng,1
4531,gymnastics,1
4532,hzvsjjc,1
4533,tag=glynn08-20‚Ä¶,1
4534,insisted,1
4535,kilogram,1
4536,tofu,1
4537,generates,1
4538,33,1
4539,liters,1
4540,containing,1
4541,vinegar,1
4542,streams,1
4543,acidic,1
4544,runoff,1
4545,crops,1
4546,decomposed,1
4547,material,1
4548,produce,1
4549,ammonia,1
4550,gas,1
4551,//youtu.be/7bp2kwogl4q,1
4552,eminem,1
4553,released,1
4554,diss,1
4555,popsy,2
4556,wizkid,2
4557,9ja,1
4558,rappers,1
4559,48hrs,1
4560,mlle,1
4561,dubai,1
4562,championship,1
4563,elimination,2
4564,//rxrealm.com/blog/breaking-down-the-dubai-fitness-championships-elimination-workout/‚Ä¶,1
4565,2022dubaifitnesschampionship,1
4566,2022rogueinvitational,1
4567,featured,1
4568,osu,2
4569,haters,1
4570,excuse,1
4571,bitcoin,1
4572,veganism,1
4573,neutral,1
4574,evangelists,1
4575,rev,1
4576,burn,1
4577,//bit.ly/2vfvzmc,1
4578,dirty30workout,1
4579,emom,1
4580,lagos/warri,1
4581,akure,1
4582,ondo,2
4583,complexion,1
4584,honorable,1
4585,akoko,1
4586,rise,1
4587,5.30am,1
4588,verifyyyy,1
4589,stacking,1
4590,uni,1
4591,shelf,1
4592,collection,1
4593,scarecrow,1
4594,web,1
4595,15+,1
4596,strangers,1
4597,cheering,1
4598,bury,1
4599,embarrassment,1
4600,surreal,1
4601,devastating,1
4602,critique,1
4603,danger,1
4604,unemployed,1
4605,opioids,1
4606,bored,1
4607,named,1
4608,marge,1
4609,wortharead,1
4610,drgjackbrown,1
4611,ronfilipkowski,1
4612,rexchapman,1
4613,tizzyent,1
4614,permashifting,1
4615,//twitter.com/zillowgonewild/status/1600275043702824961‚Ä¶,1
4616,synergee,3
4617,led,2
4618,programmable,2
4619,interval,2
4620,timers,4
4621,wireless,2
4622,remote,2
4623,tabata,2
4624,emotm,2
4625,stopwatch,2
4626,co,2
4627,t4gaj1o,1
4628,//amazon.com/dp/b07zs3ws3k,2
4629,tag=otsego-20‚Ä¶,1
4630,istg,1
4631,nuevo,1
4632,an√°lisis,1
4633,sangre,1
4634,puede,1
4635,detectar,1
4636,t√≥xica,1
4637,aparezcan,1
4638,s√≠ntomas,1
4639,alzh√©imer,1
4640,seg√∫n,1
4641,estudio,1
4642,snippet,1
4643,darcrossfit,1
4644,daressalaam,1
4645,tanzaniafitness,1
4646,olympicweightlifting,1
4647,masaki,1
4648,seacliff,1
4649,climate,1
4650,controlling,1
4651,hold,1
4652,ability,1
4653,pets,1
4654,lef,1
4655,bex,1
4656,gi,1
4657,incredibly,2
4658,match,2
4659,remaining,1
4660,soya,1
4661,chunks,1
4662,kababs,1
4663,snacking,1
4664,memorial,1
4665,sailor,1
4666,recently,1
4667,fund,1
4668,kody,1
4669,decker,1
4670,speaks,1
4671,concerns,1
4672,//bit.ly/3uvhsfy,1
4673,wtkr3,1
4674,programme,2
4675,harry,2
4676,meghan,1
4677,engament,1
4678,spoke,1
4679,oprah,1
4680,wants,1
4681,centre,1
4682,boundless,1
4683,displays,1
4684,knew,1
4685,terri,1
4686,jackson,1
4687,d10,1
4688,glace,1
4689,bay,1
4690,n.s.,1
4691,adidas,1
4692,stella,1
4693,mccartney,1
4694,fy1179,1
4695,mid,1
4696,printed,1
4697,5.5,1
4698,//ebay.com/itm/134361430782,1
4699,mkcid=16,1
4700,mkevt=1,1
4701,mkrid=711-127632-2357-0,1
4702,ssspo=mzomm01kswq,1
4703,sssrc=2047675,1
4704,ssuid=mzomm01kswq,1
4705,widget_ver=artemis,1
4706,media=tw‚Ä¶,1
4707,ebay,2
4708,entire,2
4709,beginning,1
4710,cheesemas,1
4711,.......,1
4712,mum,2
4713,wdalecreamery,1
4714,bottle,1
4715,yorkshire,1
4716,gin,1
4717,crafted,1
4718,cont,1
4719,//patreon.com/posts/season-1-episode-75769343,1
4720,utm_medium=social,1
4721,utm_source=twitter,1
4722,utm_campaign=postshare_creator,1
4723,utm_content=join_link‚Ä¶,1
4724,canes,1
4725,chik,1
4726,fil,1
4727,spilled,1
4728,romance,2
4729,grab,1
4730,raisingcaneschicken,1
4731,chikfila,1
4732,spillthetea,1
4733,moving,4
4734,lapping,2
4735,couch,2
4736,sherwood,2
4737,11-piece,2
4738,latex,2
4739,resistance,2
4740,//unicun.com/product/11-piece-set-of-latex-resistance-bands-for-yoga-crossfit-training-and-other-sports/‚Ä¶,2
4741,unicunshop,2
4742,coworkers,1
4743,hard-boiled,1
4744,chug,1
4745,ruin,1
4746,displease,1
4747,risks,1
4748,extreme,1
4749,leanness,1
4750,bikini,1
4751,olympia,1
4752,//rxrealm.com/blog/the-risks-and-rewards-of-extreme-leanness-on-the-road-to-the-bikini-olympia/‚Ä¶,1
4753,bikiniolympia,1
4754,changer,1
4755,essential,1
4756,shoulder,1
4757,flexion,1
4758,arms,1
4759,limits,2
4760,increases,1
4761,risk,1
4762,trigger,1
4763,release,1
4764,loaded,1
4765,antagonistic,1
4766,contractions,1
4767,instant,1
4768,preparando,1
4769,maratona,1
4770,criando,1
4771,habilitei,1
4772,7km,1
4773,3:47/km,1
4774,porteiro,1
4775,pr√©dio,1
4776,raz√£o,1
4777,realmente,1
4778,corpo,1
4779,perfeito,1
4780,esporte,1
4781,seguimos,1
4782,lick,2
4783,bedsheet,1
4784,rel,1
4785,wow,1
4786,mulher,2
4787,n√©,1
4788,comprou,2
4789,absorvente,1
4790,creme,1
4791,miseric√≥rdia,1
4792,rsrsrs,1
4793,ladyboss,1
4794,replacement,1
4795,nutritional,1
4796,drink,1
4797,servin,1
4798,elbqhlg,1
4799,//amazon.com/dp/b09ktdxdzj,1
4800,tag=augustafwolff-20‚Ä¶,1
4801,answer,1
4802,missmuffet,1
4803,artwork,1
4804,artificialintelligence,1
4805,nightcafestudio,2
4806,kaints,2
4807,alias,1
4808,kainthesupreme,1
4809,nightcafe,1
4810,aiart,1
4811,digitalart,1
4812,portrait,1
4813,littlemissmuffet,1
4814,//creator.nightcafe.studio/creation/vrsbqsmokpy0ikfgim5c‚Ä¶,1
4815,mango,1
4816,tastes,2
4817,nervous,1
4818,shakey,1
4819,argentinavsfrance,1
4820,30k,1
4821,size,1
4822,8-10k,1
4823,messi,1
4824,bate,1
4825,penalty,1
4826,skill,1
4827,passar,1
4828,bola,1
4829,scores,1
4830,damian,1
4831,scared,1
4832,mpape,1
4833,silent,1
4834,mehn,1
4835,fuccing,1
4836,player,1
4837,scripted,1
4838,crimes,1
4839,jesus,1
4840,judgment,1
4841,stomach,2
4842,cry,2
4843,mfs,1
4844,remix,1
4845,santa,1
4846,clause,1
4847,town,1
4848,crank,1
4849,soulja,1
4850,pokemon,2
4851,leader,1
4852,type,1
4853,steel,1
4854,gimmick,1
4855,literal,1
4856,pseudo,1
4857,crossfit/power,1
4858,magneton,1
4859,metang,1
4860,varoom,1
4861,duraludon,1
4862,trial,1
4863,obstacle,1
4864,button,1
4865,badge,2
4866,cool,1
4867,doin,1
4868,dat,1
4869,duyb0yd,1
4870,tag=fernandogolden50-20‚Ä¶,1
4871,north,1
4872,semifinal,1
4873,orlando,1
4874,thoroughly,1
4875,smaller,1
4876,particles,1
4877,amino,3
4878,peptides,1
4879,acids,1
4880,approximate,1
4881,90-minute,1
4882,digestion,1
4883,period,1
4884,excreted,1
4885,aminolase,1
4886,lu,1
4887,xiaojun,1
4888,provisionally,1
4889,doping,1
4890,violation,1
4891,//rxrealm.com/blog/lu-xiaojun-provisionally-suspended-due-to-apparent-doping-rule-violation/‚Ä¶,1
4892,luxiaojun,1
4893,ne,1
4894,resolution,1
4895,packaged,1
4896,totally,1
4897,achievable,1
4898,minimal,1
4899,levels,1
4900,baabbyyy,1
4901,sandwich,1
4902,canadian,1
4903,threemenandababy,1
4904,wodapalooza,4
4905,wza2023,1
4906,cursedimage,1
4907,blessedimage,1
4908,blursedimage,1
4909,corinthians,3
4910,sendo,1
4911,pressionado,1
4912,resultado,1
4913,jogo-treino,1
4914,imagina,1
4915,clima,1
4916,temporada,1
4917,come√ßar,1
4918,fruto,1
4919,tratar,1
4920,cabide,1
4921,amizade,1
4922,expectativas,1
4923,piores,1
4924,torcida,1
4925,pior,1
4926,simples,1
4927,charges,1
4928,mf,1
4929,choose,1
4930,tuh,2
4931,abaga,1
4932,alien,2
4933,steady,1
4934,chiefing,1
4935,immunocal,2
4936,platinum,2
4937,isolates,1
4938,consumertips,1
4939,section,1
4940,powders,1
4941,vtzplrh,1
4942,tag=dorianwehner-20‚Ä¶,1
4943,crying,1
4944,overly,1
4945,firm,2
4946,christmas,3
4947,eve,1
4948,festive,1
4949,panths,1
4950,words,1
4951,forget,1
4952,illness,1
4953,twelve,1
4954,pains,1
4955,saturdayvibes,2
4956,present,1
4957,closed,1
4958,pussies,1
4959,eggnog,1
4960,rushed,1
4961,life‚Ä¶,1
4962,handstand,1
4963,walks,1
4964,reckon,1
4965,gain,1
4966,places,1
4967,assuming,1
4968,ritual,2
4969,self,1
4970,nhii,1
4971,rydgeci,1
4972,tag=azusa03-20‚Ä¶,1
4973,whore,1
4974,dresses,1
4975,//twitter.com/miohondafan/status/1606386822954815499‚Ä¶,1
4976,nagpur,1
4977,metro,1
4978,parking,1
4979,bmrcl,1
4980,unable,1
4981,bangalore,1
4982,hardeepspuri,1
4983,cmofkarnataka,1
4984,mandalorian,1
4985,infidel,1
4986,wrist,2
4987,wraps,1
4988,3y4haws,1
4989,//amazon.com/dp/b08hplr7s2,1
4990,tag=kamronpaula02-20‚Ä¶,1
4991,phases,1
4992,ripping,1
4993,60g+,1
4994,prescription,1
4995,poliquin,1
4996,horribly,1
4997,misinformed,1
4998,viciously,1
4999,hairline,1
5000,receding,1
5001,confounding,1
5002,variables,1
5003,showers,1
5004,web3,1
5005,version,1
5006,spreading,1
5007,whose,1
5008,interest,1
5009,protests,1
5010,hungary,1
5011,//t.co/5vrozrs7dl,1
5012,cinco,1
5013,completaram,1
5014,goleiro,1
5015,kau√™,1
5016,2004,2
5017,zagueiro,1
5018,murillo,1
5019,2002,2
5020,volante,1
5021,z√©,1
5022,vitor,1
5023,meio-campista,1
5024,biro,1
5025,meutim√£o,1
5026,sales,2
5027,changed,1
5028,goats,1
5029,mozzarella,1
5030,plus,1
5031,including,1
5032,ricotta,1
5033,series,1
5034,homestead,1
5035,v4nj7uo,1
5036,//amazon.com/dp/b017rc8xj8,1
5037,tag=ezequielnehajacobi-20‚Ä¶,1
5038,atletas,1
5039,nessa,1
5040,segunda-feira,1
5041,robo,1
5042,//twitter.com/fasc1nate/status/1607150580878790656‚Ä¶,1
5043,combat,1
5044,walking,1
5045,sustainable,1
5046,raise,1
5047,agility,1
5048,c8raeh8,1
5049,//amazon.com/dp/b08hrxhynd,1
5050,tag=carolinaleonkihn-20‚Ä¶,1
5051,rkgc3kx,1
5052,tag=alexiewestley26-20‚Ä¶,1
5053,¬£65,1
5054,¬£40,1
5055,typical,1
5056,//twitter.com/appalachianbrah/status/1607973490996678656‚Ä¶,1
5057,purge,1
5058,toilet,1
5059,minds,1
5060,convince,1
5061,peaky,1
5062,blinders,1
5063,muscleup,1
5064,fitted,1
5065,sheet,1
5066,qylxplz,1
5067,tag=heidenreichnapoleon-20‚Ä¶,1
5068,lva4qng,1
5069,tag=jasonferryhailee-20‚Ä¶,1
5070,emuekj2,1
5071,tag=gregorymurray-20‚Ä¶,1
5072,fortime,1
5073,russian,3
5074,pushup,1
5075,12,1
5076,doubleunder,1
5077,res:23,1
5078,08,1
5079,crosstraining,1
5080,whitecloud,1
5081,homewod,1
5082,crossfitlasuperba,1
5083,dadhour,1
5084,healt,1
5085,iconclubworkout,1
5086,anthony_diaz,1
5087,15kg,1
5088,20kg,1
5089,colored,1
5090,cerakote,1
5091,rated,1
5092,1500lbs,1
5093,q0gfydg,1
5094,//amazon.com/dp/b07nz6pk8f,1
5095,tag=bertmullerriley-20‚Ä¶,1
5096,reminds,1
5097,lions,1
5098,savage,2
5099,chest,3
5100,fam,1
5101,pause,3
5102,8x3,3
5103,chins,3
5104,5x5-7,3
5105,2x8-10,1
5106,pendlay,2
5107,cable,4
5108,x-over,3
5109,1x15,5
5110,rules,4
5111,irrelevant,1
5112,illinois,1
5113,conduct,2
5114,govern,1
5115,ari,1
5116,lawyer,1
5117,states,2
5118,//twitter.com/johnhruiz/status/1610052762062004224‚Ä¶,1
5119,afc,1
5120,fans,1
5121,awfully,1
5122,touchy,1
5123,frustrated,1
5124,switching,1
5125,serving,1
5126,slight,1
5127,lactose,1
5128,intolerance,1
5129,h1,1
5130,//sportsnutritioncenter.com,1
5131,process,1
5132,ultra-filtered,1
5133,non-denature,1
5134,12.6,1
5135,eaas,1
5136,serv,1
5137,5.7,1
5138,bcaas,1
5139,2.8,1
5140,leucine,1
5141,digeseb,1
5142,digestive,1
5143,enzyme,1
5144,non-gmo,1
5145,hormones,1
5146,fillers,1
5147,spiking,1
5148,republican,1
5149,speakers,1
5150,yesteryear,1
5151,command,1
5152,fellow,1
5153,americans,1
5154,dennis,1
5155,hastert,1
5156,newt,1
5157,gingrich,1
5158,john,1
5159,boehner,1
5160,losers,1
5161,intense,1
5162,meet,1
5163,fitness-,1
5164,capable,1
5165,m‚Ä¶,1
5166,//instagr.am/p/cm-ie_lmbu8/,1
5167,murder,1
5168,punishable,1
5169,prison,1
5170,deaths,1
5171,unbelievably,1
5172,shared,1
5173,platforms,1
5174,57-60kgs,1
5175,58kgs,1
5176,bumorta,1
5177,lols,1
5178,sa,2
5179,kalat,1
5180,likod,1
5181,ends,1
5182,kevin,2
5183,mccarthy,1
5184,handcuffed,1
5185,radiator,1
5186,speaker,1
5187,patrolling,1
5188,door,1
5189,waving,1
5190,kettlebells,1
5191,threatening,1
5192,tries,1
5193,remove,1
5194,unemployment,1
5195,lowest,1
5196,1969,1
5197,grocery,1
5198,checkout,1
5199,lanes,1
5200,swiftly,1
5201,supports,1
5202,steps,1
5203,outrageous,1
5204,plug,1
5205,tribe,1
5206,jacking,1
5207,rate,1
5208,divorce,1
5209,faking,1
5210,riches,1
5211,oppress,1
5212,hole,1
5213,rodents,1
5214,canids,1
5215,guard,1
5216,felines,1
5217,ahh,1
5218,howe,1
5219,dafuq,1
5220,lik3,1
5221,fuccin,1
5222,wit,1
5223,gurl,1
5224,japan,3
5225,iz,1
5226,mega,1
5227,luv,1
5228,sing,1
5229,spin,1
5230,clubs,1
5231,cruise,1
5232,block,2
5233,6x5-6,1
5234,2x8,2
5235,5x5-6,2
5236,sagc,2
5237,unisex,1
5238,v-neck,1
5239,t-shirt,1
5240,//extrasunrise.com/product/alien-unisex-jersey-v-neck-t-shirt/‚Ä¶,1
5241,properly,1
5242,fancy,1
5243,cooked,1
5244,vegetarian,1
5245,achieve,1
5246,note,1
5247,public,1
5248,hoarding,1
5249,fic,1
5250,orleans,1
5251,obnoxious,1
5252,nola,1
5253,warning,1
5254,water-sweat,1
5255,scooping,1
5256,throwing,1
5257,fool,1
5258,y'all,1
5259,bodies,1
5260,line,2
5261,fechar,1
5262,tires,1
5263,flip,1
5264,zoo,1
5265,enthusiast,1
5266,tyr,2
5267,chalk-up,2
5268,//rxrealm.com/blog/breaking-down-the-last-three-events-for-tyr-wodapalooza/‚Ä¶,1
5269,bayfrontpark,2
5270,recreational,1
5271,enthusiasts,1
5272,arbitrary,1
5273,unnecessary,1
5274,reductionist,1
5275,veinte,1
5276,obras,1
5277,artistas,1
5278,han,1
5279,publicado,1
5280,humor,1
5281,gr√°fico,1
5282,xel2humor,1
5283,matraca,1
5284,estar√°n,1
5285,expuestas,1
5286,al,1
5287,enero,1
5288,galer√≠a,1
5289,library,1
5290,campus,1
5291,modesto,1
5292,maidique,1
5293,fiu,1
5294,¬°no,1
5295,pierdas,1
5296,primeiro,1
5297,nh,1
5298,mostra,1
5299,pep√™,1
5300,bitello,2
5301,chagando,1
5302,ataque,1
5303,campaz,1
5304,ponta,1
5305,direta,1
5306,aproveita,1
5307,rebote,1
5308,pode,1
5309,indicar,1
5310,pepe,1
5311,dois,2
5312,lado,2
5313,villasanti,1
5314,extremos,1
5315,ajudar,1
5316,tgif,1
5317,cole,1
5318,greashaber,1
5319,horse,1
5320,//rxrealm.com/blog/cole-greashaber-dark-horse-of-tyr-wodapalooza/‚Ä¶,1
5321,functionalfitnes,1
5322,greater,1
5323,threat,1
5324,broadcaster,1
5325,captamericaxfit,1
5326,unfortunately,1
5327,credit,1
5328,card,1
5329,authorization,1
5330,receive,1
5331,orangetheoryfitness,1
5332,purebarre,1
5333,mtn,1
5334,rubbish,1
5335,digest,1
5336,thisss,1
5337,billionaire,1
5338,peoples,1
5339,leaders,1
5340,vs.,1
5341,pasteurized,1
5342,vitamin,3
5343,vs,10
5344,65,1
5345,23-75,1
5346,86,1
5347,lron,1
5348,34,1
5349,zinc,1
5350,b-complex,1
5351,vitamins,1
5352,62,1
5353,79,1
5354,enzymes,1
5355,immunoglobulins,1
5356,damaged,1
5357,denatured,1
5358,meeting,2
5359,attend,1
5360,attitude,1
5361,sef,1
5362,sean,1
5363,mcvay,1
5364,decide,1
5365,rams,2
5366,//msn.com/en-us/sports/nfl/why-did-sean-mcvay-decide-to-stay-with-the-rams/ar-aa16lm5i,1
5367,ocid=msedgntp,1
5368,cvid=1732a692e90b48389ec64d025654d258,1
5369,fullscreen=true,1
5370,image=1‚Ä¶,1
5371,23,1
5372,2016,2
5373,tenth,1
5374,19‚Äì24,1
5375,stubhub,1
5376,carson,1
5377,california,2
5378,ranch,1
5379,aromas,1
5380,united,1
5381,dumbell,1
5382,t-bar,1
5383,pullovers,1
5384,teachers,1
5385,hated,1
5386,uncle,1
5387,aunty,1
5388,greeted,1
5389,fell,1
5390,mocha,1
5391,65g,1
5392,uk,1
5393,1x12,1
5394,¬£8.00,1
5395,apply,1
5396,voucher,1
5397,subs,1
5398,¬£10.00,1
5399,¬£19.99,1
5400,writer,1
5401,danish,1
5402,fintech,1
5403,startup,1
5404,manual,1
5405,pistol,1
5406,beliefs,1
5407,stance,1
5408,marathon,1
5409,loose,1
5410,kid,1
5411,lskd,2
5412,wza,1
5413,wzamiami,1
5414,miamiphotography,1
5415,southfloridaphotographer,1
5416,clothingbrand,1
5417,bayfront,1
5418,willingly,1
5419,french,1
5420,letter,1
5421,claims,1
5422,pedos,1
5423,stans,1
5424,underage,1
5425,2:30,1
5426,b/w,1
5427,-6,1
5428,alt,1
5429,snatch,1
5430,-3,1
5431,bbjo,1
5432,catsoftwitter,1
5433,teambengal,1
